100,Renie,Michella,42,Male,Viet Nam,Renie.Michella@mapsa.com,firefighter,11072,0
101,Ada,Genna,43,Male,Denmark,Ada.Genna@mapsa.com,police officer,7697,0
102,Imojean,Ochs,31,Male,Singapore,Imojean.Ochs@mapsa.com,Chef,6101,0
103,Ursulina,Mozelle,32,Male,Bahrain,Ursulina.Mozelle@mapsa.com,Designer,7513,1
104,Kenna,Flyn,26,Male,Morocco,Kenna.Flyn@mapsa.com,Chef,10228,1
105,Tina,Jarib,37,Female,Guinea-Bissau,Tina.Jarib@mapsa.com,Chef,10536,0
106,Kirstin,Charity,36,Male,Puerto Rico,Kirstin.Charity@mapsa.com,developer,13488,1
107,Charmaine,Carvey,38,Male,Finland,Charmaine.Carvey@mapsa.com,worker,11918,1
108,Cyb,Janene,33,Male,Belarus,Cyb.Janene@mapsa.com,driver,8002,0
109,Renie,Publia,43,Female,Falkland Islands (Malvinas),Renie.Publia@mapsa.com,Teacher,7931,1
110,Chandra,Dorcy,42,Male,Saint Helena,Chandra.Dorcy@mapsa.com,Chef,14420,1
111,Gwenneth,Tryck,37,Male,Nauru,Gwenneth.Tryck@mapsa.com,driver,13592,1
112,Nyssa,Jefferey,30,Male,Cuba,Nyssa.Jefferey@mapsa.com,developer,11710,0
113,Ira,Faso,43,Female,Liechtenstein,Ira.Faso@mapsa.com,Teacher,13552,1
114,Lisette,Loeb,45,Male,Grenada,Lisette.Loeb@mapsa.com,worker,7192,1
115,Lorie,Bahr,45,Male,American Samoa,Lorie.Bahr@mapsa.com,worker,6775,1
116,Kellen,Jagir,33,Male,Christmas Island,Kellen.Jagir@mapsa.com,driver,6382,1
117,Cherrita,Nikaniki,28,Female,Malta,Cherrita.Nikaniki@mapsa.com,driver,5107,0
118,Caryl,Behre,38,Male,Fiji,Caryl.Behre@mapsa.com,Butcher,7952,1
119,Mariann,Vanni,39,Male,Guyana,Mariann.Vanni@mapsa.com,Teacher,12136,1
120,Rani,Rosemary,45,Female,Japan,Rani.Rosemary@mapsa.com,Butcher,7084,0
121,Konstance,Delacourt,30,Male,Australia,Konstance.Delacourt@mapsa.com,doctor,9188,1
122,Hallie,Zrike,25,Female,Sudan,Hallie.Zrike@mapsa.com,police officer,14365,0
123,Jacenta,Pettiford,33,Female,Syrian Arab Republic,Jacenta.Pettiford@mapsa.com,Designer,13885,0
124,Tilly,Montgomery,45,Male,Togo,Tilly.Montgomery@mapsa.com,Teacher,6966,0
125,Gwyneth,Thar,45,Female,Turkey,Gwyneth.Thar@mapsa.com,Chef,7448,0
126,Jessy,Morehouse,44,Male,Iceland,Jessy.Morehouse@mapsa.com,Chef,10219,1
127,Angelique,Gilmour,45,Male,Qatar,Angelique.Gilmour@mapsa.com,driver,6336,1
128,Krystle,Han,28,Male,Kazakhstan,Krystle.Han@mapsa.com,developer,9494,1
129,Liana,Grayce,45,Female,Barbados,Liana.Grayce@mapsa.com,firefighter,5410,0
130,Millie,Devlen,41,Female,Nauru,Millie.Devlen@mapsa.com,firefighter,11631,1
131,Marylou,Adore,33,Male,Serbia and Montenegro,Marylou.Adore@mapsa.com,driver,6262,0
132,Joy,Rad,36,Male,Ghana,Joy.Rad@mapsa.com,driver,12975,0
133,Leia,Haldas,29,Male,Congo,Leia.Haldas@mapsa.com,driver,5562,0
134,Candi,Cutlerr,35,Female,Martinique,Candi.Cutlerr@mapsa.com,doctor,14411,1
135,Marjie,Koziara,40,Female,Ireland,Marjie.Koziara@mapsa.com,developer,14219,0
136,Lilith,Skurnik,29,Male,Fiji,Lilith.Skurnik@mapsa.com,worker,10162,0
137,Tomasina,Buckler,42,Male,Lithuania,Tomasina.Buckler@mapsa.com,firefighter,9025,0
138,Marjie,Toffic,28,Male,Austria,Marjie.Toffic@mapsa.com,Butcher,13496,0
139,Kimmy,Selway,42,Male,Martinique,Kimmy.Selway@mapsa.com,Teacher,10112,1
140,Susan,Dawkins,38,Male,Thailand,Susan.Dawkins@mapsa.com,Butcher,12568,0
141,Brietta,Johnsson,37,Male,United Kingdom,Brietta.Johnsson@mapsa.com,Designer,14520,1
142,Madeleine,Melleta,34,Female,Guam,Madeleine.Melleta@mapsa.com,police officer,7889,0
143,Kylynn,Orpah,25,Female,Denmark,Kylynn.Orpah@mapsa.com,worker,10354,1
144,Collen,Schenck,37,Female,Palestinian Territory- Occupied,Collen.Schenck@mapsa.com,driver,9084,0
145,Blinni,Dannye,41,Male,Poland,Blinni.Dannye@mapsa.com,Chef,8241,0
146,Karena,Solitta,35,Female,British Indian Ocean Territory,Karena.Solitta@mapsa.com,Chef,8942,0
147,Hermione,Janene,45,Female,Israel,Hermione.Janene@mapsa.com,Designer,7427,0
148,Krystle,Bach,25,Male,Australia,Krystle.Bach@mapsa.com,firefighter,14221,1
149,Fawne,Dom,45,Female,Guinea,Fawne.Dom@mapsa.com,doctor,11502,0
150,Hyacinthe,Drus,43,Female,Cook Islands,Hyacinthe.Drus@mapsa.com,Chef,7308,1
151,Janenna,Merat,31,Female,Ethiopia,Janenna.Merat@mapsa.com,driver,9479,1
152,Phedra,Briney,45,Female,Syrian Arab Republic,Phedra.Briney@mapsa.com,Designer,7322,1
153,Lolita,Pandolfi,43,Female,Hong Kong,Lolita.Pandolfi@mapsa.com,Designer,11168,0
154,Raf,Fredi,32,Male,Timor-Leste,Raf.Fredi@mapsa.com,driver,14816,0
155,Dacia,Lubin,28,Male,Palestinian Territory- Occupied,Dacia.Lubin@mapsa.com,Designer,11752,1
156,Addia,Sigfrid,26,Female,Aruba,Addia.Sigfrid@mapsa.com,Butcher,8194,0
157,Halette,Leifeste,37,Female,Belarus,Halette.Leifeste@mapsa.com,developer,10802,0
158,Misha,Sherfield,44,Female,Thailand,Misha.Sherfield@mapsa.com,doctor,5033,1
159,Barbara,Longfellow,25,Male,Guyana,Barbara.Longfellow@mapsa.com,firefighter,10958,1
160,Pearline,Jarib,28,Female,Puerto Rico,Pearline.Jarib@mapsa.com,developer,14155,0
161,Cristine,Rona,39,Male,Gambia,Cristine.Rona@mapsa.com,doctor,7033,0
162,Sissy,Henebry,38,Female,Haiti,Sissy.Henebry@mapsa.com,police officer,11247,0
163,Blinni,Aurelio,43,Female,Norway,Blinni.Aurelio@mapsa.com,doctor,14464,0
164,Brynna,Fabiola,29,Female,Norfolk Island,Brynna.Fabiola@mapsa.com,Butcher,8514,1
165,Livvyy,Cristi,45,Female,RWANDA,Livvyy.Cristi@mapsa.com,police officer,6631,1
166,Carmencita,Destinee,39,Female,Norway,Carmencita.Destinee@mapsa.com,Designer,8028,0
167,Marcy,Stacy,38,Female,Afghanistan,Marcy.Stacy@mapsa.com,doctor,13712,0
168,Amalie,Libna,37,Female,Cuba,Amalie.Libna@mapsa.com,Designer,6200,0
169,Lynea,Haldas,34,Male,Libyan Arab Jamahiriya,Lynea.Haldas@mapsa.com,developer,5175,0
170,Rosanne,Pyle,34,Male,Tajikistan,Rosanne.Pyle@mapsa.com,firefighter,14139,0
171,Jacquetta,Joeann,45,Female,Guinea-Bissau,Jacquetta.Joeann@mapsa.com,police officer,13029,0
172,Josephine,Sawtelle,42,Male,Hungary,Josephine.Sawtelle@mapsa.com,firefighter,9008,0
173,Correy,Grimbly,29,Female,Antarctica,Correy.Grimbly@mapsa.com,Butcher,9544,1
174,Katleen,Valerio,35,Male,Finland,Katleen.Valerio@mapsa.com,Teacher,13161,1
175,Bettine,Kaete,33,Female,Greenland,Bettine.Kaete@mapsa.com,doctor,14182,1
176,Riannon,Ivens,42,Male,Niger,Riannon.Ivens@mapsa.com,driver,13176,1
177,Celestyna,Buckler,42,Male,Cook Islands,Celestyna.Buckler@mapsa.com,police officer,8960,0
178,Brynna,Larochelle,29,Female,Congo- The Democratic Republic of the,Brynna.Larochelle@mapsa.com,Teacher,6438,1
179,Robinia,Herrera,25,Male,Vanuatu,Robinia.Herrera@mapsa.com,Butcher,8395,0
180,Larine,Eliathas,27,Male,Falkland Islands (Malvinas),Larine.Eliathas@mapsa.com,worker,5486,0
181,Olivette,Nunci,36,Female,Korea- Republic of,Olivette.Nunci@mapsa.com,Butcher,12421,0
182,Ricky,Caitlin,43,Male,Palestinian Territory- Occupied,Ricky.Caitlin@mapsa.com,worker,7026,1
183,Elie,Maroney,26,Female,Slovakia,Elie.Maroney@mapsa.com,Butcher,11412,0
184,Rochette,O'Neill,41,Female,Iran- Islamic Republic Of,Rochette.O'Neill@mapsa.com,Butcher,12273,1
185,Collen,Kiyoshi,39,Male,Jamaica,Collen.Kiyoshi@mapsa.com,police officer,7635,1
186,Gabriellia,Dulciana,34,Female,Myanmar,Gabriellia.Dulciana@mapsa.com,firefighter,9331,1
187,Candi,Jacinda,27,Male,Ecuador,Candi.Jacinda@mapsa.com,doctor,6837,1
188,Mamie,Schenck,32,Female,Luxembourg,Mamie.Schenck@mapsa.com,driver,6241,1
189,Xylina,Ehrman,27,Male,Suriname,Xylina.Ehrman@mapsa.com,doctor,10983,1
190,Felice,Garbe,35,Female,Montserrat,Felice.Garbe@mapsa.com,firefighter,14485,0
191,Debee,Socha,38,Male,Australia,Debee.Socha@mapsa.com,Teacher,6075,0
192,Joceline,Swigart,34,Female,Mexico,Joceline.Swigart@mapsa.com,Designer,11970,0
193,Ketti,Melan,40,Female,Singapore,Ketti.Melan@mapsa.com,driver,10578,0
194,Jessy,Rubie,28,Female,Russian Federation,Jessy.Rubie@mapsa.com,Teacher,9820,0
195,Corina,Buckler,31,Female,United Arab Emirates,Corina.Buckler@mapsa.com,Designer,11887,1
196,Kassey,Sekofski,39,Female,Libyan Arab Jamahiriya,Kassey.Sekofski@mapsa.com,Butcher,12646,1
197,Zia,Stephie,44,Male,Bahrain,Zia.Stephie@mapsa.com,doctor,7344,0
198,Janenna,Soneson,29,Female,Ukraine,Janenna.Soneson@mapsa.com,firefighter,5024,1
199,Abbie,Maurine,32,Male,Nicaragua,Abbie.Maurine@mapsa.com,Teacher,11915,1
200,Tomasina,Felizio,44,Female,"Cote D""Ivoire",Tomasina.Felizio@mapsa.com,developer,14383,1
201,Gale,Anestassia,42,Female,Colombia,Gale.Anestassia@mapsa.com,Chef,5031,0
202,Raquela,Jammal,34,Female,Finland,Raquela.Jammal@mapsa.com,Butcher,14819,0
203,Merrie,Faria,34,Female,Wallis and Futuna,Merrie.Faria@mapsa.com,Chef,13173,1
204,Miquela,Mich,39,Female,Hong Kong,Miquela.Mich@mapsa.com,firefighter,6170,1
205,Kenna,Erskine,44,Male,Viet Nam,Kenna.Erskine@mapsa.com,developer,13059,1
206,Sindee,Adrienne,34,Male,Germany,Sindee.Adrienne@mapsa.com,firefighter,6676,0
207,Florie,Nerita,37,Male,Turks and Caicos Islands,Florie.Nerita@mapsa.com,doctor,7176,1
208,Nerta,Arathorn,33,Male,Anguilla,Nerta.Arathorn@mapsa.com,firefighter,11292,0
209,Jan,Bates,29,Male,Iran- Islamic Republic Of,Jan.Bates@mapsa.com,developer,7135,0
210,Ericka,Maryanne,31,Female,Israel,Ericka.Maryanne@mapsa.com,Designer,6048,1
211,Claresta,Fleeta,39,Female,Uganda,Claresta.Fleeta@mapsa.com,Designer,11174,1
212,Petronia,Helve,36,Male,France,Petronia.Helve@mapsa.com,worker,13466,0
213,Viviene,Presber,45,Male,Denmark,Viviene.Presber@mapsa.com,Butcher,13009,1
214,Jobi,Philipp,26,Female,Bahrain,Jobi.Philipp@mapsa.com,Teacher,9629,0
215,Merle,Gaynor,38,Female,Norfolk Island,Merle.Gaynor@mapsa.com,driver,12727,0
216,Mara,Hortensia,38,Male,Mali,Mara.Hortensia@mapsa.com,Butcher,10573,1
217,June,Azeria,28,Male,Latvia,June.Azeria@mapsa.com,doctor,5144,1
218,Ardenia,Jaylene,35,Female,Papua New Guinea,Ardenia.Jaylene@mapsa.com,Teacher,8720,1
219,Dode,Gert,30,Male,Djibouti,Dode.Gert@mapsa.com,police officer,9954,1
220,Arlena,Francyne,28,Male,South Africa,Arlena.Francyne@mapsa.com,driver,14316,0
221,Shel,Freddi,45,Male,Kenya,Shel.Freddi@mapsa.com,worker,11704,1
222,Mireielle,Hartnett,39,Male,Lesotho,Mireielle.Hartnett@mapsa.com,driver,6134,1
223,Evaleen,Zola,40,Female,South Africa,Evaleen.Zola@mapsa.com,Designer,11102,1
224,Netty,Hachmin,29,Male,Japan,Netty.Hachmin@mapsa.com,driver,14241,1
225,Ricky,Elephus,39,Female,Kazakhstan,Ricky.Elephus@mapsa.com,driver,7667,0
226,Mellicent,Orlene,30,Female,Bolivia,Mellicent.Orlene@mapsa.com,police officer,6677,1
227,Cherrita,Lumbard,34,Male,Afghanistan,Cherrita.Lumbard@mapsa.com,firefighter,5687,0
228,Chastity,Barbey,37,Male,Cyprus,Chastity.Barbey@mapsa.com,Designer,13358,0
229,Ayn,Corilla,26,Female,Spain,Ayn.Corilla@mapsa.com,Designer,8114,0
230,Gratia,Sammons,44,Female,Bosnia and Herzegovina,Gratia.Sammons@mapsa.com,Chef,8519,1
231,Deloria,Joni,44,Male,Congo- The Democratic Republic of the,Deloria.Joni@mapsa.com,Designer,12660,0
232,Anica,Pattin,26,Male,Saint Helena,Anica.Pattin@mapsa.com,police officer,7194,0
233,Ada,Braun,42,Male,Georgia,Ada.Braun@mapsa.com,worker,7689,0
234,Dotty,Dorothy,25,Male,Comoros,Dotty.Dorothy@mapsa.com,doctor,11104,1
235,Loree,Anestassia,40,Female,Finland,Loree.Anestassia@mapsa.com,doctor,7000,1
236,Dianemarie,Holbrook,31,Male,Netherlands Antilles,Dianemarie.Holbrook@mapsa.com,Teacher,13600,1
237,Ermengarde,Adlare,30,Female,Ukraine,Ermengarde.Adlare@mapsa.com,police officer,12281,0
238,Brooks,Billye,39,Female,Iraq,Brooks.Billye@mapsa.com,worker,12193,1
239,Melina,Vanni,35,Male,Ireland,Melina.Vanni@mapsa.com,driver,5649,1
240,Dede,Maiah,36,Male,Dominican Republic,Dede.Maiah@mapsa.com,police officer,14633,1
241,Mallory,Olympium,44,Male,Tunisia,Mallory.Olympium@mapsa.com,developer,7699,1
242,Amelia,Podvin,25,Male,Madagascar,Amelia.Podvin@mapsa.com,firefighter,12571,0
243,Fernande,Zamora,29,Male,Turks and Caicos Islands,Fernande.Zamora@mapsa.com,firefighter,6531,1
244,Tierney,Reinke,34,Female,Åland Islands,Tierney.Reinke@mapsa.com,worker,6934,1
245,Sandie,Scammon,33,Male,French Polynesia,Sandie.Scammon@mapsa.com,Butcher,13226,0
246,Sarette,Kamaria,26,Female,Botswana,Sarette.Kamaria@mapsa.com,Chef,10705,0
247,Sheree,Weide,45,Male,Mayotte,Sheree.Weide@mapsa.com,developer,14416,0
248,Ana,O'Carroll,31,Male,Germany,Ana.O'Carroll@mapsa.com,Chef,8620,1
249,Adore,Kimmie,34,Female,Ireland,Adore.Kimmie@mapsa.com,worker,6881,0
250,Rosene,Kosey,30,Male,Cayman Islands,Rosene.Kosey@mapsa.com,driver,5141,1
251,Carly,O'Carroll,28,Female,Syrian Arab Republic,Carly.O'Carroll@mapsa.com,driver,10835,0
252,Philis,Darrell,35,Female,Belize,Philis.Darrell@mapsa.com,worker,10239,1
253,Lucille,Melleta,45,Female,Sweden,Lucille.Melleta@mapsa.com,worker,6152,1
254,Elka,Tayib,38,Female,Nicaragua,Elka.Tayib@mapsa.com,firefighter,13477,1
255,Feliza,Kylander,42,Male,Italy,Feliza.Kylander@mapsa.com,doctor,12616,0
256,Cecile,Kimmie,38,Female,Italy,Cecile.Kimmie@mapsa.com,Designer,8101,1
257,Dominga,Leler,44,Female,Åland Islands,Dominga.Leler@mapsa.com,driver,13002,0
258,Isa,Fancie,26,Female,Saint Lucia,Isa.Fancie@mapsa.com,worker,9938,1
259,Sidoney,Raychel,36,Female,Samoa,Sidoney.Raychel@mapsa.com,police officer,12132,1
260,Tami,Pearse,41,Male,El Salvador,Tami.Pearse@mapsa.com,Designer,8597,1
261,Margarette,Henrie,43,Male,Zimbabwe,Margarette.Henrie@mapsa.com,doctor,7660,1
262,Molli,Pandolfi,42,Female,Pakistan,Molli.Pandolfi@mapsa.com,Chef,7167,0
263,Queenie,Lauraine,33,Male,Cuba,Queenie.Lauraine@mapsa.com,Designer,10525,0
264,Lauryn,Joeann,30,Male,Virgin Islands- U.S.,Lauryn.Joeann@mapsa.com,worker,9094,0
265,Karena,Delacourt,36,Male,Turkey,Karena.Delacourt@mapsa.com,police officer,8350,1
266,Barbi,Land,40,Male,Christmas Island,Barbi.Land@mapsa.com,driver,9540,0
267,Silvana,Ephrem,40,Male,Botswana,Silvana.Ephrem@mapsa.com,Chef,5475,1
268,Malina,Hortensia,25,Male,Martinique,Malina.Hortensia@mapsa.com,doctor,5215,0
269,Adelle,Delila,41,Female,Gibraltar,Adelle.Delila@mapsa.com,doctor,9660,0
270,Gaylene,Vorster,40,Female,Tajikistan,Gaylene.Vorster@mapsa.com,Designer,10479,1
271,Lauryn,Susannah,30,Male,Jordan,Lauryn.Susannah@mapsa.com,police officer,9472,0
272,Rori,Mata,39,Female,Lithuania,Rori.Mata@mapsa.com,doctor,7662,1
273,Gertrud,Fancie,26,Male,Estonia,Gertrud.Fancie@mapsa.com,doctor,11051,1
274,Kalina,Justinn,32,Male,Anguilla,Kalina.Justinn@mapsa.com,Teacher,7425,1
275,Jobi,Harriman,31,Female,Netherlands,Jobi.Harriman@mapsa.com,Butcher,14954,1
276,Aubrie,Auberbach,28,Female,Holy See (Vatican City State),Aubrie.Auberbach@mapsa.com,worker,11813,1
277,Sandie,Carri,25,Female,Ghana,Sandie.Carri@mapsa.com,Designer,14466,1
278,Moyna,Rese,30,Male,Niger,Moyna.Rese@mapsa.com,Designer,14274,1
279,Teriann,Even,44,Male,Viet Nam,Teriann.Even@mapsa.com,Chef,11998,1
280,Tiffie,Flita,36,Female,New Caledonia,Tiffie.Flita@mapsa.com,doctor,11989,1
281,Orsola,Dom,44,Male,Nigeria,Orsola.Dom@mapsa.com,worker,11851,1
282,Kaia,Markman,33,Female,Netherlands Antilles,Kaia.Markman@mapsa.com,doctor,7774,0
283,Leanna,Isacco,34,Male,Namibia,Leanna.Isacco@mapsa.com,Butcher,11236,1
284,Ninnetta,Urania,33,Female,United Arab Emirates,Ninnetta.Urania@mapsa.com,developer,5272,0
285,Valeda,Read,33,Male,United States Minor Outlying Islands,Valeda.Read@mapsa.com,driver,7508,1
286,Charmaine,Rubie,29,Female,Maldives,Charmaine.Rubie@mapsa.com,Teacher,8445,1
287,Stevana,Schonfeld,35,Female,Guam,Stevana.Schonfeld@mapsa.com,doctor,7973,0
288,Jsandye,Horan,37,Male,Croatia,Jsandye.Horan@mapsa.com,police officer,14603,0
289,Ottilie,Georas,28,Male,Jersey,Ottilie.Georas@mapsa.com,Butcher,6017,1
290,Iseabal,Glenden,26,Female,Djibouti,Iseabal.Glenden@mapsa.com,doctor,5456,0
291,Babita,Douglass,45,Female,Kiribati,Babita.Douglass@mapsa.com,Designer,11137,0
292,Margette,Stoller,40,Female,Dominica,Margette.Stoller@mapsa.com,Butcher,6743,0
293,Celene,Hortensia,32,Male,Liberia,Celene.Hortensia@mapsa.com,police officer,8360,1
294,Juliane,Tarrant,37,Male,Northern Mariana Islands,Juliane.Tarrant@mapsa.com,Chef,10519,0
295,Pierette,Norrie,36,Male,Russian Federation,Pierette.Norrie@mapsa.com,firefighter,13112,0
296,Dianemarie,Hewitt,29,Male,Gibraltar,Dianemarie.Hewitt@mapsa.com,Designer,9329,0
297,Anestassia,Granoff,36,Male,Papua New Guinea,Anestassia.Granoff@mapsa.com,Teacher,9177,1
298,Olivette,Ophelia,42,Male,RWANDA,Olivette.Ophelia@mapsa.com,Butcher,12197,1
299,Melina,Donoghue,36,Male,Samoa,Melina.Donoghue@mapsa.com,Chef,6857,0
300,Blinni,Ramona,44,Male,Dominica,Blinni.Ramona@mapsa.com,firefighter,8999,0
301,Collen,Thema,31,Male,Antigua and Barbuda,Collen.Thema@mapsa.com,driver,10346,1
302,Betta,Keelia,37,Male,Angola,Betta.Keelia@mapsa.com,Butcher,10546,0
303,Jsandye,Harl,30,Female,Cameroon,Jsandye.Harl@mapsa.com,developer,8184,0
304,Jordan,Tjon,28,Female,Djibouti,Jordan.Tjon@mapsa.com,firefighter,8236,1
305,Violet,Helfand,25,Male,Iceland,Violet.Helfand@mapsa.com,Chef,14290,1
306,Neila,Vittoria,35,Female,Gibraltar,Neila.Vittoria@mapsa.com,Teacher,7544,0
307,Aeriela,Nicoline,34,Female,Gibraltar,Aeriela.Nicoline@mapsa.com,developer,8171,0
308,Aryn,Killigrew,41,Female,Indonesia,Aryn.Killigrew@mapsa.com,Chef,6695,1
309,Ricky,Thar,32,Female,Latvia,Ricky.Thar@mapsa.com,firefighter,6926,0
310,Evita,Lareena,45,Female,Tunisia,Evita.Lareena@mapsa.com,Chef,14240,0
311,Mellicent,Wallis,26,Female,Micronesia- Federated States of,Mellicent.Wallis@mapsa.com,Teacher,5336,0
312,Joelly,Diogenes,41,Female,Faroe Islands,Joelly.Diogenes@mapsa.com,Chef,8237,0
313,Natka,Niles,35,Female,Comoros,Natka.Niles@mapsa.com,driver,14893,0
314,Larine,Riva,26,Female,AndorrA,Larine.Riva@mapsa.com,Designer,14140,1
315,Mady,Schroth,38,Male,Estonia,Mady.Schroth@mapsa.com,doctor,9664,0
316,Aigneis,Burnside,35,Female,Congo- The Democratic Republic of the,Aigneis.Burnside@mapsa.com,driver,13775,1
317,Anica,Hanleigh,36,Female,Cyprus,Anica.Hanleigh@mapsa.com,doctor,13240,1
318,Merci,Autrey,41,Male,Liberia,Merci.Autrey@mapsa.com,police officer,12133,1
319,Georgina,Merna,43,Female,Grenada,Georgina.Merna@mapsa.com,Butcher,14415,0
320,Hyacinthe,Marsden,42,Female,Maldives,Hyacinthe.Marsden@mapsa.com,developer,14220,1
321,Lindie,Faria,27,Female,Peru,Lindie.Faria@mapsa.com,worker,6352,1
322,Elfreda,Telfer,44,Male,Libyan Arab Jamahiriya,Elfreda.Telfer@mapsa.com,police officer,9232,0
323,Anallese,Genna,27,Male,Malta,Anallese.Genna@mapsa.com,doctor,11804,1
324,Linet,Stoller,28,Female,Nigeria,Linet.Stoller@mapsa.com,doctor,14908,0
325,Leanna,Francyne,31,Male,Malta,Leanna.Francyne@mapsa.com,Designer,13196,1
326,Ginnie,Gordon,36,Male,Mongolia,Ginnie.Gordon@mapsa.com,developer,8908,1
327,Tracey,Ries,42,Female,Christmas Island,Tracey.Ries@mapsa.com,worker,5741,1
328,Emylee,Pettiford,37,Male,Mozambique,Emylee.Pettiford@mapsa.com,Butcher,10027,0
329,Veda,Erminia,35,Male,Qatar,Veda.Erminia@mapsa.com,developer,12052,1
330,Siana,Rheingold,41,Male,Swaziland,Siana.Rheingold@mapsa.com,Butcher,10715,1
331,Vevay,Brandice,42,Male,French Guiana,Vevay.Brandice@mapsa.com,Designer,5196,1
332,Latisha,Barrus,29,Male,Cuba,Latisha.Barrus@mapsa.com,driver,12014,1
333,Ashlee,Stuart,37,Male,Liechtenstein,Ashlee.Stuart@mapsa.com,Butcher,7253,1
334,Frank,Wildermuth,35,Male,Viet Nam,Frank.Wildermuth@mapsa.com,Chef,5292,1
335,Giustina,Rurik,29,Male,Sri Lanka,Giustina.Rurik@mapsa.com,police officer,5563,0
336,Barbara,Kress,40,Male,Holy See (Vatican City State),Barbara.Kress@mapsa.com,driver,5719,1
337,Ayn,Earlie,27,Female,Gambia,Ayn.Earlie@mapsa.com,doctor,6572,0
338,Hannis,Pettiford,28,Female,Taiwan- Province of China,Hannis.Pettiford@mapsa.com,Chef,11211,1
339,Stephanie,Goerke,28,Female,Uzbekistan,Stephanie.Goerke@mapsa.com,firefighter,6210,0
340,Katharina,Gwenore,35,Female,Sudan,Katharina.Gwenore@mapsa.com,Teacher,13323,0
341,Jasmina,Irmine,36,Male,Belgium,Jasmina.Irmine@mapsa.com,firefighter,10893,0
342,Basia,Bari,44,Female,Greenland,Basia.Bari@mapsa.com,driver,6383,0
343,Ivett,Buffum,43,Male,Bosnia and Herzegovina,Ivett.Buffum@mapsa.com,doctor,13008,1
344,Marcy,Fitzsimmons,31,Female,Netherlands Antilles,Marcy.Fitzsimmons@mapsa.com,worker,13630,1
345,Ariela,Tarrant,32,Female,Turkmenistan,Ariela.Tarrant@mapsa.com,Butcher,12301,1
346,Mariele,Minetta,27,Female,Virgin Islands- U.S.,Mariele.Minetta@mapsa.com,developer,8505,1
347,Christian,Kristi,33,Female,Saudi Arabia,Christian.Kristi@mapsa.com,driver,13272,0
348,Dorthy,Hanleigh,36,Female,Ireland,Dorthy.Hanleigh@mapsa.com,developer,9623,0
349,Regina,Mendez,33,Female,Estonia,Regina.Mendez@mapsa.com,worker,8968,1
350,Rayna,Roxanna,39,Male,American Samoa,Rayna.Roxanna@mapsa.com,Chef,13294,0
351,Roz,Carbo,38,Female,Oman,Roz.Carbo@mapsa.com,firefighter,6157,1
352,Gusty,Bivins,45,Male,Reunion,Gusty.Bivins@mapsa.com,police officer,12543,0
353,Bernie,Garlinda,33,Female,"Korea- Democratic People""S Republic of",Bernie.Garlinda@mapsa.com,developer,5166,0
354,Genovera,Stover,28,Female,India,Genovera.Stover@mapsa.com,police officer,10956,0
355,Nanete,Faro,39,Male,Argentina,Nanete.Faro@mapsa.com,police officer,9115,1
356,Felice,Hylan,35,Female,Bahamas,Felice.Hylan@mapsa.com,Designer,13715,1
357,Frances,Ludewig,43,Male,Brunei Darussalam,Frances.Ludewig@mapsa.com,Teacher,12606,1
358,Sherrie,Fancie,25,Male,Wallis and Futuna,Sherrie.Fancie@mapsa.com,police officer,12299,1
359,Merry,Drus,32,Male,Virgin Islands- British,Merry.Drus@mapsa.com,Teacher,11434,0
360,Coral,Sammons,34,Female,Chile,Coral.Sammons@mapsa.com,Designer,8721,1
361,Lesly,Tippets,29,Male,Afghanistan,Lesly.Tippets@mapsa.com,doctor,11634,1
362,Karena,Hilbert,34,Male,Netherlands Antilles,Karena.Hilbert@mapsa.com,Teacher,5374,0
363,Katleen,Iiette,34,Female,Dominican Republic,Katleen.Iiette@mapsa.com,Chef,14962,1
364,Gale,Helve,38,Male,Virgin Islands- U.S.,Gale.Helve@mapsa.com,Butcher,10656,1
365,Ursulina,Seagraves,30,Female,Panama,Ursulina.Seagraves@mapsa.com,driver,12897,0
366,Dione,Schonfeld,42,Female,Comoros,Dione.Schonfeld@mapsa.com,Chef,8004,1
367,Viviene,Schonfeld,32,Male,Kenya,Viviene.Schonfeld@mapsa.com,police officer,7205,1
368,Lanna,McLaughlin,29,Female,Pitcairn,Lanna.McLaughlin@mapsa.com,doctor,7159,0
369,Brana,Erlandson,36,Male,Cambodia,Brana.Erlandson@mapsa.com,Designer,9296,0
370,Lexine,Brotherson,45,Male,"Korea- Democratic People""S Republic of",Lexine.Brotherson@mapsa.com,driver,7329,0
371,Dianemarie,Wenda,26,Male,Ghana,Dianemarie.Wenda@mapsa.com,firefighter,8718,0
372,Shell,Monaco,35,Male,Brunei Darussalam,Shell.Monaco@mapsa.com,Designer,5083,1
373,Fernande,Screens,43,Female,Ireland,Fernande.Screens@mapsa.com,doctor,14587,0
374,Maisey,Marden,34,Male,New Caledonia,Maisey.Marden@mapsa.com,firefighter,12976,1
375,Lonnie,Pacorro,25,Male,Liberia,Lonnie.Pacorro@mapsa.com,police officer,9853,0
376,Karolina,Catie,27,Female,Tunisia,Karolina.Catie@mapsa.com,police officer,9119,0
377,Leeanne,Prober,36,Male,Guyana,Leeanne.Prober@mapsa.com,Butcher,11470,0
378,Daryl,Laverne,30,Male,Viet Nam,Daryl.Laverne@mapsa.com,firefighter,13216,0
379,Oralee,Grobe,39,Male,Tonga,Oralee.Grobe@mapsa.com,Designer,10494,0
380,Lesly,Susannah,32,Male,Mali,Lesly.Susannah@mapsa.com,developer,5574,1
381,Britte,Raama,36,Female,Honduras,Britte.Raama@mapsa.com,Designer,10410,0
382,Lolita,Erminia,25,Female,Comoros,Lolita.Erminia@mapsa.com,Butcher,11934,1
383,Lila,Dominy,33,Male,Bosnia and Herzegovina,Lila.Dominy@mapsa.com,Butcher,13085,1
384,Linzy,Diogenes,43,Male,Russian Federation,Linzy.Diogenes@mapsa.com,doctor,8794,1
385,Aurelie,Gower,45,Male,United States,Aurelie.Gower@mapsa.com,Butcher,9281,1
386,Sean,Karna,38,Female,Cocos (Keeling) Islands,Sean.Karna@mapsa.com,doctor,7705,1
387,Eve,Kussell,40,Male,Mayotte,Eve.Kussell@mapsa.com,worker,5767,1
388,Binny,Moseley,26,Male,Philippines,Binny.Moseley@mapsa.com,Chef,5165,0
389,Carilyn,Sallyann,29,Female,Equatorial Guinea,Carilyn.Sallyann@mapsa.com,Designer,12051,1
390,Sonni,Marcellus,34,Male,India,Sonni.Marcellus@mapsa.com,Designer,13083,0
391,Janey,Ioab,29,Male,Haiti,Janey.Ioab@mapsa.com,worker,12056,0
392,Linzy,Nisbet,43,Male,Uzbekistan,Linzy.Nisbet@mapsa.com,developer,8071,1
393,Jessy,Angelis,38,Female,Guatemala,Jessy.Angelis@mapsa.com,Teacher,8664,0
394,Lorne,Neils,30,Male,Ecuador,Lorne.Neils@mapsa.com,Teacher,8093,1
395,Ann-Marie,Fitzsimmons,28,Male,"Lao People""S Democratic Republic",Ann-Marie.Fitzsimmons@mapsa.com,Designer,10890,1
396,Lisette,Syd,26,Male,Brazil,Lisette.Syd@mapsa.com,worker,5952,1
397,Ottilie,Noelyn,30,Male,Mali,Ottilie.Noelyn@mapsa.com,Designer,5080,1
398,Audrie,Bevin,31,Female,Grenada,Audrie.Bevin@mapsa.com,Chef,8159,1
399,Deloria,Aaberg,43,Male,Fiji,Deloria.Aaberg@mapsa.com,developer,12986,0
400,Kathi,Calhoun,38,Male,Zimbabwe,Kathi.Calhoun@mapsa.com,Teacher,13266,1
401,Melanie,Ardra,43,Male,Bahrain,Melanie.Ardra@mapsa.com,Teacher,6957,0
402,Mignon,Dudley,38,Male,Latvia,Mignon.Dudley@mapsa.com,worker,6087,1
403,Pearline,Fabiola,44,Female,Solomon Islands,Pearline.Fabiola@mapsa.com,driver,14636,0
404,Nickie,My,41,Male,Iceland,Nickie.My@mapsa.com,Butcher,10738,0
405,Gilligan,Weinreb,30,Male,Faroe Islands,Gilligan.Weinreb@mapsa.com,firefighter,5236,1
406,Ardys,Chick,38,Male,AndorrA,Ardys.Chick@mapsa.com,developer,10087,0
407,Anthia,Oriana,29,Female,Heard Island and Mcdonald Islands,Anthia.Oriana@mapsa.com,Designer,9751,0
408,Cam,Aprile,36,Female,Kiribati,Cam.Aprile@mapsa.com,worker,11476,1
409,Olivette,Tiffa,38,Female,Bangladesh,Olivette.Tiffa@mapsa.com,Butcher,9364,1
410,Nadine,Ricarda,32,Male,Korea- Republic of,Nadine.Ricarda@mapsa.com,firefighter,5460,1
411,Augustine,Barrus,35,Female,Indonesia,Augustine.Barrus@mapsa.com,firefighter,13544,0
412,Mady,Tomasina,45,Male,RWANDA,Mady.Tomasina@mapsa.com,doctor,13086,0
413,Ada,Ulphia,25,Male,Liechtenstein,Ada.Ulphia@mapsa.com,Teacher,6810,0
414,Queenie,Pascia,42,Male,Cape Verde,Queenie.Pascia@mapsa.com,Teacher,11892,1
415,Joelly,Standing,32,Female,Saint Kitts and Nevis,Joelly.Standing@mapsa.com,firefighter,9584,0
416,Shirlee,Arne,41,Male,Uzbekistan,Shirlee.Arne@mapsa.com,driver,5119,1
417,Modestia,Adrienne,38,Male,Guatemala,Modestia.Adrienne@mapsa.com,Designer,6392,1
418,Sharlene,Bari,38,Female,Barbados,Sharlene.Bari@mapsa.com,Butcher,8293,0
419,Dode,Lutero,32,Female,Poland,Dode.Lutero@mapsa.com,developer,6125,1
420,Gwyneth,Wittie,28,Female,Niue,Gwyneth.Wittie@mapsa.com,Butcher,8962,1
421,Jaclyn,Quinn,38,Male,Puerto Rico,Jaclyn.Quinn@mapsa.com,doctor,13415,0
422,Maridel,Ochs,32,Male,Eritrea,Maridel.Ochs@mapsa.com,developer,9822,1
423,Queenie,Berne,35,Male,Australia,Queenie.Berne@mapsa.com,Teacher,5225,1
424,Britte,Monaco,38,Female,French Polynesia,Britte.Monaco@mapsa.com,Teacher,9869,0
425,Jobi,Jess,38,Male,Czech Republic,Jobi.Jess@mapsa.com,police officer,11834,0
426,Estell,Ade,29,Female,Taiwan- Province of China,Estell.Ade@mapsa.com,firefighter,12226,0
427,Feliza,Orlene,32,Female,Anguilla,Feliza.Orlene@mapsa.com,Teacher,10813,0
428,Margette,Artie,26,Female,Morocco,Margette.Artie@mapsa.com,worker,6063,0
429,Janis,Brackely,28,Female,Norfolk Island,Janis.Brackely@mapsa.com,developer,11440,1
430,Melodie,Sikorski,33,Female,Thailand,Melodie.Sikorski@mapsa.com,driver,8446,1
431,Sheree,Henebry,30,Female,New Caledonia,Sheree.Henebry@mapsa.com,driver,14782,0
432,Cindelyn,Sothena,30,Female,Barbados,Cindelyn.Sothena@mapsa.com,worker,9797,0
433,Maisey,Meter,29,Female,Turks and Caicos Islands,Maisey.Meter@mapsa.com,developer,10574,0
434,Doralynne,Glenden,25,Female,Germany,Doralynne.Glenden@mapsa.com,Designer,8431,1
435,Mamie,Raimondo,27,Female,Philippines,Mamie.Raimondo@mapsa.com,driver,7689,0
436,Jasmina,Tybald,36,Female,Uruguay,Jasmina.Tybald@mapsa.com,doctor,8513,0
437,Ivett,Allare,40,Female,Bulgaria,Ivett.Allare@mapsa.com,Butcher,11036,1
438,Marika,Ranjiv,36,Male,United Kingdom,Marika.Ranjiv@mapsa.com,worker,13357,1
439,Albertina,Crudden,33,Female,Ethiopia,Albertina.Crudden@mapsa.com,firefighter,12765,0
440,Dagmar,Leler,30,Male,Antarctica,Dagmar.Leler@mapsa.com,Butcher,7441,0
441,Damaris,Kress,42,Male,Lesotho,Damaris.Kress@mapsa.com,Butcher,7883,1
442,Renae,Even,39,Male,Christmas Island,Renae.Even@mapsa.com,firefighter,14216,0
443,Kathy,Lacombe,36,Male,Viet Nam,Kathy.Lacombe@mapsa.com,Designer,11111,1
444,Caritta,Silvan,33,Female,Saint Pierre and Miquelon,Caritta.Silvan@mapsa.com,police officer,7718,1
445,Frances,Sophronia,26,Male,Gambia,Frances.Sophronia@mapsa.com,doctor,6019,0
446,Merry,Blake,45,Male,Costa Rica,Merry.Blake@mapsa.com,worker,14864,0
447,Silvana,Niles,36,Female,AndorrA,Silvana.Niles@mapsa.com,developer,6167,1
448,Gwenneth,Adlare,32,Female,Benin,Gwenneth.Adlare@mapsa.com,worker,11189,0
449,Kenna,Thar,37,Female,Guinea-Bissau,Kenna.Thar@mapsa.com,doctor,12317,0
450,Wendi,Nisbet,40,Female,Guernsey,Wendi.Nisbet@mapsa.com,Butcher,7943,1
451,Coral,Ailyn,35,Male,Cameroon,Coral.Ailyn@mapsa.com,Butcher,13921,0
452,Sidoney,Cristi,44,Female,Armenia,Sidoney.Cristi@mapsa.com,doctor,10385,0
453,Darci,Zeeba,34,Male,Botswana,Darci.Zeeba@mapsa.com,driver,12660,1
454,Caryl,Howlyn,45,Female,Spain,Caryl.Howlyn@mapsa.com,doctor,9914,1
455,Bee,Erich,37,Female,Monaco,Bee.Erich@mapsa.com,Designer,10097,0
456,Berget,Roxanna,29,Female,Estonia,Berget.Roxanna@mapsa.com,firefighter,13850,1
457,Sheree,Persse,25,Female,Sudan,Sheree.Persse@mapsa.com,doctor,5859,0
458,Malina,Wandie,31,Female,British Indian Ocean Territory,Malina.Wandie@mapsa.com,Butcher,6538,0
459,Fanny,Wenda,28,Female,Costa Rica,Fanny.Wenda@mapsa.com,Teacher,13741,1
460,Marika,Audly,30,Female,Western Sahara,Marika.Audly@mapsa.com,worker,10027,0
461,Lulita,Martsen,36,Male,Singapore,Lulita.Martsen@mapsa.com,Teacher,12017,1
462,Marleah,Marden,45,Female,Cameroon,Marleah.Marden@mapsa.com,developer,6839,0
463,Celisse,Taam,42,Male,Yemen,Celisse.Taam@mapsa.com,Teacher,12311,1
464,Loree,Xerxes,36,Male,Anguilla,Loree.Xerxes@mapsa.com,doctor,10696,0
465,Myrtice,Morgun,35,Female,Pitcairn,Myrtice.Morgun@mapsa.com,Butcher,13283,1
466,Anica,Bury,27,Male,Poland,Anica.Bury@mapsa.com,Designer,8792,0
467,Linet,Stoller,32,Female,Canada,Linet.Stoller@mapsa.com,Chef,8166,0
468,Penelopa,Sigfrid,44,Female,Niger,Penelopa.Sigfrid@mapsa.com,Teacher,9020,1
469,Gloria,Aldric,45,Male,Nauru,Gloria.Aldric@mapsa.com,worker,12005,1
470,Carmela,Junie,30,Male,China,Carmela.Junie@mapsa.com,firefighter,5060,0
471,Harrietta,MacIntosh,40,Male,Sri Lanka,Harrietta.MacIntosh@mapsa.com,doctor,12112,1
472,Thalia,Stoller,42,Female,Virgin Islands- U.S.,Thalia.Stoller@mapsa.com,developer,10229,0
473,Bobbi,Romelda,35,Male,Italy,Bobbi.Romelda@mapsa.com,Chef,8920,0
474,Pearline,Rossner,26,Female,Georgia,Pearline.Rossner@mapsa.com,police officer,14960,1
475,Fidelia,Neils,38,Female,Georgia,Fidelia.Neils@mapsa.com,firefighter,14416,0
476,Carol-Jean,Kosey,44,Female,Mozambique,Carol-Jean.Kosey@mapsa.com,firefighter,11695,1
477,Lynnea,Raffo,38,Female,Sweden,Lynnea.Raffo@mapsa.com,police officer,10400,1
478,Aryn,Franza,36,Male,Jamaica,Aryn.Franza@mapsa.com,driver,10271,0
479,Jere,Claudine,39,Male,Botswana,Jere.Claudine@mapsa.com,doctor,14191,0
480,Sara-Ann,Cristi,26,Female,Venezuela,Sara-Ann.Cristi@mapsa.com,Butcher,5235,0
481,Mathilda,Klotz,30,Male,Liechtenstein,Mathilda.Klotz@mapsa.com,worker,10239,1
482,Tonia,Elo,40,Female,Jamaica,Tonia.Elo@mapsa.com,Chef,5743,1
483,Betta,Edmund,25,Female,Jamaica,Betta.Edmund@mapsa.com,doctor,5351,0
484,Gusella,Raama,33,Female,Saint Kitts and Nevis,Gusella.Raama@mapsa.com,Chef,14955,0
485,Fernande,Peonir,40,Male,Saint Vincent and the Grenadines,Fernande.Peonir@mapsa.com,police officer,10343,1
486,Fina,Franza,29,Female,Equatorial Guinea,Fina.Franza@mapsa.com,worker,11534,1
487,Eve,Melony,36,Female,Cape Verde,Eve.Melony@mapsa.com,Butcher,7433,0
488,Frances,Garek,33,Female,Japan,Frances.Garek@mapsa.com,firefighter,12507,1
489,Aaren,Scammon,40,Male,Sao Tome and Principe,Aaren.Scammon@mapsa.com,Chef,5035,1
490,Mallory,Klotz,38,Female,Saudi Arabia,Mallory.Klotz@mapsa.com,developer,8910,0
491,Ketti,Jacobah,34,Male,Viet Nam,Ketti.Jacobah@mapsa.com,doctor,5637,0
492,Merle,Jehu,25,Female,Papua New Guinea,Merle.Jehu@mapsa.com,Chef,8285,0
493,Ekaterina,Cleavland,26,Female,"Cote D""Ivoire",Ekaterina.Cleavland@mapsa.com,worker,9072,1
494,Ivett,Ciro,40,Female,French Guiana,Ivett.Ciro@mapsa.com,Chef,10379,0
495,Beatriz,Sikorski,43,Male,Saint Kitts and Nevis,Beatriz.Sikorski@mapsa.com,worker,8463,0
496,Nannie,Yusuk,43,Male,Gambia,Nannie.Yusuk@mapsa.com,Teacher,8420,1
497,Donnie,Merna,45,Male,South Georgia and the South Sandwich Islands,Donnie.Merna@mapsa.com,police officer,14766,0
498,Ketti,Wadell,28,Male,Heard Island and Mcdonald Islands,Ketti.Wadell@mapsa.com,Chef,8205,1
499,Rhoda,Dosia,25,Male,Nicaragua,Rhoda.Dosia@mapsa.com,Teacher,11589,1
500,Mariele,Baptlsta,26,Male,Austria,Mariele.Baptlsta@mapsa.com,firefighter,7146,0
501,Stacey,Sharl,37,Female,Pitcairn,Stacey.Sharl@mapsa.com,firefighter,6457,1
502,Danika,Ackerley,43,Male,Bangladesh,Danika.Ackerley@mapsa.com,Butcher,5932,1
503,Kore,Craggie,36,Female,San Marino,Kore.Craggie@mapsa.com,worker,7142,1
504,Jan,Rodmann,43,Female,Guinea-Bissau,Jan.Rodmann@mapsa.com,worker,14123,1
505,Gabriellia,Zamora,25,Female,AndorrA,Gabriellia.Zamora@mapsa.com,developer,10981,0
506,Layla,Martsen,34,Male,Macedonia- The Former Yugoslav Republic of,Layla.Martsen@mapsa.com,Chef,10484,0
507,Talya,Genna,27,Female,Trinidad and Tobago,Talya.Genna@mapsa.com,worker,8001,1
508,Thalia,Munn,36,Male,Tanzania- United Republic of,Thalia.Munn@mapsa.com,doctor,10182,0
509,Xylina,Screens,44,Female,Albania,Xylina.Screens@mapsa.com,firefighter,5836,0
510,Julieta,Gahl,37,Male,Turks and Caicos Islands,Julieta.Gahl@mapsa.com,police officer,14153,0
511,Alameda,Janith,44,Female,Romania,Alameda.Janith@mapsa.com,police officer,6606,0
512,Maisey,Yoko,27,Female,Cambodia,Maisey.Yoko@mapsa.com,firefighter,7740,0
513,Grier,Annice,26,Female,Monaco,Grier.Annice@mapsa.com,firefighter,14440,1
514,Marguerite,Toni,28,Male,Namibia,Marguerite.Toni@mapsa.com,police officer,9450,1
515,Ann-Marie,Ulphia,43,Male,Antarctica,Ann-Marie.Ulphia@mapsa.com,doctor,6991,0
516,Ezmeralda,Raul,30,Male,Croatia,Ezmeralda.Raul@mapsa.com,driver,10625,1
517,Henriette,Gillan,35,Female,Spain,Henriette.Gillan@mapsa.com,firefighter,13403,0
518,Genovera,Prouty,26,Female,Macedonia- The Former Yugoslav Republic of,Genovera.Prouty@mapsa.com,doctor,9996,0
519,Renie,Jenness,29,Female,Ghana,Renie.Jenness@mapsa.com,Butcher,9148,0
520,Brandise,Lemuela,35,Male,Malaysia,Brandise.Lemuela@mapsa.com,Butcher,14656,0
521,Jobi,Sundin,27,Female,Madagascar,Jobi.Sundin@mapsa.com,developer,9497,0
522,Ariela,Adalbert,28,Male,Malaysia,Ariela.Adalbert@mapsa.com,firefighter,9305,1
523,Babita,Shama,37,Female,Bahrain,Babita.Shama@mapsa.com,Designer,12272,1
524,Gratia,Michella,35,Male,Peru,Gratia.Michella@mapsa.com,Butcher,12851,1
525,Abbie,Sikorski,37,Male,Maldives,Abbie.Sikorski@mapsa.com,firefighter,14110,1
526,Roslyn,Cath,34,Female,Myanmar,Roslyn.Cath@mapsa.com,driver,13980,0
527,Melanie,Longfellow,42,Male,Finland,Melanie.Longfellow@mapsa.com,police officer,10128,1
528,Georgina,Stav,32,Female,Malaysia,Georgina.Stav@mapsa.com,doctor,7839,1
529,Phylis,Roumell,30,Female,Cook Islands,Phylis.Roumell@mapsa.com,worker,5717,0
530,Paule,Sisile,42,Male,Mauritius,Paule.Sisile@mapsa.com,Teacher,8636,1
531,Roz,Barrus,38,Male,Bahamas,Roz.Barrus@mapsa.com,driver,11906,0
532,Orelia,An,40,Female,Seychelles,Orelia.An@mapsa.com,police officer,5177,1
533,Myriam,Drus,42,Female,Zimbabwe,Myriam.Drus@mapsa.com,Butcher,10744,1
534,Jacquetta,Pandolfi,32,Male,Kiribati,Jacquetta.Pandolfi@mapsa.com,doctor,6807,0
535,Wynne,Munn,38,Female,Saint Lucia,Wynne.Munn@mapsa.com,firefighter,13698,0
536,Claudina,Wenoa,26,Female,Georgia,Claudina.Wenoa@mapsa.com,Chef,13623,1
537,Zaria,Gilbertson,36,Female,Dominican Republic,Zaria.Gilbertson@mapsa.com,doctor,11428,0
538,Sarette,Ursulette,25,Female,Lesotho,Sarette.Ursulette@mapsa.com,Chef,8883,0
539,Belinda,Huggins,32,Female,Liechtenstein,Belinda.Huggins@mapsa.com,Teacher,12251,1
540,Joceline,Kirstin,33,Male,British Indian Ocean Territory,Joceline.Kirstin@mapsa.com,firefighter,12199,0
541,Michaelina,Goldina,45,Female,Greece,Michaelina.Goldina@mapsa.com,driver,14303,0
542,Wynne,Natalia,27,Male,Jersey,Wynne.Natalia@mapsa.com,Butcher,10273,1
543,Rosaline,Sadowski,34,Male,Thailand,Rosaline.Sadowski@mapsa.com,Butcher,8723,0
544,Lorie,Dannye,35,Male,Tunisia,Lorie.Dannye@mapsa.com,Butcher,12113,1
545,Dotty,Strephon,38,Male,Georgia,Dotty.Strephon@mapsa.com,Teacher,9530,0
546,Beth,Terencio,45,Male,American Samoa,Beth.Terencio@mapsa.com,Teacher,9259,1
547,Elsie,Zachary,37,Female,Afghanistan,Elsie.Zachary@mapsa.com,doctor,11365,1
548,Daryl,Brunell,30,Male,United States,Daryl.Brunell@mapsa.com,Teacher,8891,1
549,Jsandye,Nunci,43,Female,Kuwait,Jsandye.Nunci@mapsa.com,developer,5253,0
550,Aaren,Brenn,28,Male,Panama,Aaren.Brenn@mapsa.com,police officer,11302,1
551,Blondelle,Helve,30,Male,Lebanon,Blondelle.Helve@mapsa.com,driver,14496,0
552,Demetris,Devlen,41,Female,Venezuela,Demetris.Devlen@mapsa.com,Designer,10687,0
553,Mallory,Haldas,44,Male,United Arab Emirates,Mallory.Haldas@mapsa.com,Chef,14652,1
554,Iseabal,Bollay,25,Male,Chile,Iseabal.Bollay@mapsa.com,worker,7993,1
555,Shirlee,Jillane,35,Female,Finland,Shirlee.Jillane@mapsa.com,Butcher,10283,1
556,Claresta,Emanuel,41,Female,Bosnia and Herzegovina,Claresta.Emanuel@mapsa.com,worker,12564,0
557,Mellicent,Nickola,39,Female,Cape Verde,Mellicent.Nickola@mapsa.com,Chef,7060,1
558,Allis,Eben,33,Male,Guam,Allis.Eben@mapsa.com,Butcher,6919,0
559,Yvonne,Carlson,36,Female,Nepal,Yvonne.Carlson@mapsa.com,police officer,12436,0
560,Lizzie,Kare,37,Female,"Korea- Democratic People""S Republic of",Lizzie.Kare@mapsa.com,firefighter,7871,1
561,Phylis,Shaddock,39,Female,Austria,Phylis.Shaddock@mapsa.com,police officer,8321,1
562,Vevay,Merriott,29,Female,Pakistan,Vevay.Merriott@mapsa.com,Butcher,12728,0
563,Kylynn,Kermit,42,Female,Puerto Rico,Kylynn.Kermit@mapsa.com,Teacher,13590,0
564,Codie,Hull,43,Female,Svalbard and Jan Mayen,Codie.Hull@mapsa.com,Designer,5063,0
565,Ruthe,Reidar,41,Female,New Zealand,Ruthe.Reidar@mapsa.com,doctor,13420,0
566,Karena,Adlare,34,Female,Cameroon,Karena.Adlare@mapsa.com,worker,11686,0
567,Sabina,Lesley,29,Female,Eritrea,Sabina.Lesley@mapsa.com,worker,14172,1
568,Brana,Jess,36,Female,Cape Verde,Brana.Jess@mapsa.com,firefighter,12086,0
569,Chandra,Winnick,36,Male,Peru,Chandra.Winnick@mapsa.com,doctor,10475,0
570,Hope,Jalbert,39,Male,Tokelau,Hope.Jalbert@mapsa.com,doctor,5530,1
571,Alyda,Magnolia,36,Female,Georgia,Alyda.Magnolia@mapsa.com,Designer,11763,0
572,Elsie,Quent,27,Female,Paraguay,Elsie.Quent@mapsa.com,Designer,9808,0
573,Philis,Regan,30,Male,Swaziland,Philis.Regan@mapsa.com,driver,13648,0
574,Aryn,Greenwald,42,Female,Canada,Aryn.Greenwald@mapsa.com,firefighter,13388,1
575,Orelia,Paine,37,Male,Guadeloupe,Orelia.Paine@mapsa.com,worker,7682,1
576,Gilligan,Hollingsworth,41,Female,San Marino,Gilligan.Hollingsworth@mapsa.com,developer,14198,0
577,Gianina,Arne,37,Male,American Samoa,Gianina.Arne@mapsa.com,developer,9845,1
578,Sandie,Euridice,40,Female,Chad,Sandie.Euridice@mapsa.com,doctor,9170,1
579,Viviene,Toor,40,Female,Austria,Viviene.Toor@mapsa.com,Teacher,13403,0
580,Flory,Waite,35,Male,Guinea,Flory.Waite@mapsa.com,Teacher,10070,1
581,Lizzie,Remmer,26,Female,Pakistan,Lizzie.Remmer@mapsa.com,doctor,9140,0
582,Isa,Meli,31,Male,Liechtenstein,Isa.Meli@mapsa.com,firefighter,10223,1
583,Elfreda,Genna,43,Male,Egypt,Elfreda.Genna@mapsa.com,police officer,14940,0
584,Hope,Oscar,35,Female,Denmark,Hope.Oscar@mapsa.com,Butcher,6771,0
585,Morganica,Trey,29,Female,United States,Morganica.Trey@mapsa.com,worker,14419,1
586,Blinni,Sheedy,31,Female,Chile,Blinni.Sheedy@mapsa.com,driver,5210,0
587,Giustina,Ehrman,44,Female,Nicaragua,Giustina.Ehrman@mapsa.com,developer,8335,1
588,Lynea,Tjon,38,Male,Poland,Lynea.Tjon@mapsa.com,driver,11650,1
589,Ira,Rese,43,Female,Ethiopia,Ira.Rese@mapsa.com,doctor,11276,1
590,Iseabal,Ephrem,34,Female,Mozambique,Iseabal.Ephrem@mapsa.com,driver,11895,0
591,Damaris,Erich,26,Female,Italy,Damaris.Erich@mapsa.com,firefighter,13327,1
592,Teriann,Obed,31,Male,Bermuda,Teriann.Obed@mapsa.com,worker,12026,1
593,Sidoney,Ovid,45,Male,Dominican Republic,Sidoney.Ovid@mapsa.com,Designer,13103,0
594,Micheline,Kenney,39,Female,Brazil,Micheline.Kenney@mapsa.com,firefighter,12511,1
595,Lucy,Sophronia,38,Male,Norfolk Island,Lucy.Sophronia@mapsa.com,driver,6513,0
596,Anallese,Hortensia,40,Female,Madagascar,Anallese.Hortensia@mapsa.com,firefighter,10332,1
597,Glenda,Sisile,42,Male,Niger,Glenda.Sisile@mapsa.com,driver,11961,1
598,Berta,Hashim,44,Male,Hong Kong,Berta.Hashim@mapsa.com,developer,9517,1
599,Tatiania,Joachim,42,Male,India,Tatiania.Joachim@mapsa.com,Designer,10043,1
600,Dianemarie,Knowling,34,Male,Heard Island and Mcdonald Islands,Dianemarie.Knowling@mapsa.com,Chef,12381,0
601,Belva,Alejoa,42,Female,Dominican Republic,Belva.Alejoa@mapsa.com,Teacher,5873,0
602,Jacenta,Haerr,44,Male,Holy See (Vatican City State),Jacenta.Haerr@mapsa.com,developer,10318,1
603,Kalina,Pacorro,40,Female,Uzbekistan,Kalina.Pacorro@mapsa.com,developer,7981,0
604,Shel,Nahum,33,Male,Jersey,Shel.Nahum@mapsa.com,Designer,11957,0
605,Aryn,Lory,25,Male,Slovenia,Aryn.Lory@mapsa.com,Teacher,10481,1
606,Georgetta,Darrell,27,Female,Anguilla,Georgetta.Darrell@mapsa.com,firefighter,11096,1
607,Rosabelle,Helfand,42,Male,Viet Nam,Rosabelle.Helfand@mapsa.com,Butcher,14673,1
608,Jessy,Prouty,37,Female,Myanmar,Jessy.Prouty@mapsa.com,Butcher,9859,0
609,Zia,Cosenza,44,Female,China,Zia.Cosenza@mapsa.com,police officer,14454,1
610,Cam,Michella,44,Female,"Korea- Democratic People""S Republic of",Cam.Michella@mapsa.com,driver,6317,1
611,Janeczka,Arvo,40,Female,Central African Republic,Janeczka.Arvo@mapsa.com,developer,6693,0
612,Phylis,Faro,28,Female,Macedonia- The Former Yugoslav Republic of,Phylis.Faro@mapsa.com,Butcher,9459,1
613,Tilly,Xerxes,25,Male,Montserrat,Tilly.Xerxes@mapsa.com,firefighter,13678,0
614,Nicoli,Nester,41,Male,Equatorial Guinea,Nicoli.Nester@mapsa.com,Butcher,13602,1
615,Amelia,Eben,35,Female,Papua New Guinea,Amelia.Eben@mapsa.com,police officer,12551,0
616,Sue,Manolo,33,Female,Zimbabwe,Sue.Manolo@mapsa.com,Designer,13730,1
617,Charlena,Lytton,40,Male,Mauritania,Charlena.Lytton@mapsa.com,firefighter,7469,1
618,Marnia,Virgin,34,Female,Wallis and Futuna,Marnia.Virgin@mapsa.com,driver,13047,1
619,Allyce,Dearborn,32,Female,Botswana,Allyce.Dearborn@mapsa.com,police officer,5755,0
620,Elbertina,Hylan,28,Male,Indonesia,Elbertina.Hylan@mapsa.com,Teacher,8723,1
621,Dotty,Regan,34,Male,Timor-Leste,Dotty.Regan@mapsa.com,doctor,5894,0
622,Gerianna,Hutchison,29,Female,Reunion,Gerianna.Hutchison@mapsa.com,Designer,14386,1
623,Angela,Infield,32,Female,Northern Mariana Islands,Angela.Infield@mapsa.com,firefighter,12391,0
624,Clary,Belldas,38,Female,Austria,Clary.Belldas@mapsa.com,Designer,6559,1
625,Andree,Brian,31,Female,Timor-Leste,Andree.Brian@mapsa.com,firefighter,7425,0
626,Stacey,Weitman,29,Female,Guinea,Stacey.Weitman@mapsa.com,driver,13231,0
627,Brynna,Terrence,34,Female,Mayotte,Brynna.Terrence@mapsa.com,doctor,9301,0
628,Gerianna,Latini,35,Male,Zambia,Gerianna.Latini@mapsa.com,firefighter,10702,0
629,Jenilee,Nore,45,Female,Argentina,Jenilee.Nore@mapsa.com,firefighter,11199,1
630,Jsandye,Corabella,26,Male,Uzbekistan,Jsandye.Corabella@mapsa.com,Teacher,9216,0
631,Andeee,Monaco,33,Female,Faroe Islands,Andeee.Monaco@mapsa.com,police officer,13374,0
632,Trixi,Abram,36,Male,Faroe Islands,Trixi.Abram@mapsa.com,driver,11878,0
633,Lanna,Toni,26,Female,Falkland Islands (Malvinas),Lanna.Toni@mapsa.com,developer,7637,1
634,Cyb,Natica,27,Female,Guatemala,Cyb.Natica@mapsa.com,doctor,12354,1
635,Susan,Destinee,29,Male,Chile,Susan.Destinee@mapsa.com,Chef,7044,0
636,Dominga,Sawtelle,42,Male,Oman,Dominga.Sawtelle@mapsa.com,Teacher,7475,0
637,Suzette,Lowry,31,Male,Wallis and Futuna,Suzette.Lowry@mapsa.com,police officer,6082,0
638,Sindee,Hurley,33,Male,Bangladesh,Sindee.Hurley@mapsa.com,Chef,13943,0
639,Kassey,Amadas,35,Female,Madagascar,Kassey.Amadas@mapsa.com,Designer,9077,0
640,Marcy,Poll,40,Male,Turks and Caicos Islands,Marcy.Poll@mapsa.com,driver,10422,0
641,Modestia,Kevon,39,Female,Latvia,Modestia.Kevon@mapsa.com,Designer,12128,0
642,Henriette,Morgun,40,Female,Iraq,Henriette.Morgun@mapsa.com,Chef,5916,0
643,Donnie,Dreda,35,Female,Bosnia and Herzegovina,Donnie.Dreda@mapsa.com,doctor,5407,1
644,Candi,Holbrook,45,Male,Saint Pierre and Miquelon,Candi.Holbrook@mapsa.com,developer,10272,0
645,Concettina,Tryck,39,Male,Egypt,Concettina.Tryck@mapsa.com,firefighter,8699,1
646,Chastity,Zina,35,Male,Swaziland,Chastity.Zina@mapsa.com,doctor,12847,0
647,Janey,Germann,41,Male,Lebanon,Janey.Germann@mapsa.com,Designer,13018,0
648,Sharai,Tybald,32,Male,Martinique,Sharai.Tybald@mapsa.com,Butcher,10024,1
649,Moyna,Ethban,33,Male,Mauritius,Moyna.Ethban@mapsa.com,worker,6364,0
650,Blake,Dom,25,Female,Iran- Islamic Republic Of,Blake.Dom@mapsa.com,worker,7800,0
651,Anica,Bonucci,26,Female,Lesotho,Anica.Bonucci@mapsa.com,Teacher,12150,0
652,Phedra,Malvino,37,Female,Bosnia and Herzegovina,Phedra.Malvino@mapsa.com,Designer,12082,1
653,Silvana,Croix,36,Female,Syrian Arab Republic,Silvana.Croix@mapsa.com,developer,8034,0
654,Felice,Poppy,32,Male,Bermuda,Felice.Poppy@mapsa.com,worker,13892,0
655,Tatiania,McLaughlin,26,Female,Myanmar,Tatiania.McLaughlin@mapsa.com,driver,13595,0
656,Goldie,Bahr,37,Male,Saint Vincent and the Grenadines,Goldie.Bahr@mapsa.com,doctor,6777,1
657,Ardys,Stefa,31,Female,Bolivia,Ardys.Stefa@mapsa.com,worker,7774,0
658,Mildrid,Hoban,31,Male,Turkmenistan,Mildrid.Hoban@mapsa.com,developer,6525,1
659,Bernie,Liebermann,26,Female,Egypt,Bernie.Liebermann@mapsa.com,Chef,8733,1
660,Augustine,Sherfield,44,Female,France,Augustine.Sherfield@mapsa.com,Butcher,11995,1
661,Trixi,Gwenore,30,Male,Guam,Trixi.Gwenore@mapsa.com,driver,12528,1
662,Willetta,Sallyann,40,Female,Mongolia,Willetta.Sallyann@mapsa.com,Teacher,11307,1
663,Cacilie,Kelula,37,Female,Lesotho,Cacilie.Kelula@mapsa.com,driver,11046,0
664,Philis,Gahl,36,Male,Lebanon,Philis.Gahl@mapsa.com,driver,8447,1
665,Karolina,Annice,39,Male,Brazil,Karolina.Annice@mapsa.com,Designer,12509,0
666,Kara-Lynn,Smitt,28,Female,Gibraltar,Kara-Lynn.Smitt@mapsa.com,worker,9353,0
667,Meghann,Rossner,39,Male,Nepal,Meghann.Rossner@mapsa.com,worker,7129,1
668,Lenna,Fairweather,27,Male,Kiribati,Lenna.Fairweather@mapsa.com,police officer,14705,0
669,Perry,Matthew,35,Female,China,Perry.Matthew@mapsa.com,worker,11801,0
670,Claresta,Jaylene,25,Male,Svalbard and Jan Mayen,Claresta.Jaylene@mapsa.com,Butcher,7533,1
671,Marleah,Anyah,45,Male,Uganda,Marleah.Anyah@mapsa.com,Teacher,13175,1
672,Odessa,Anselmi,39,Female,Niue,Odessa.Anselmi@mapsa.com,developer,5195,1
673,Clary,Gabrielli,32,Male,Iceland,Clary.Gabrielli@mapsa.com,worker,13618,1
674,Dominga,Trinetta,38,Female,Libyan Arab Jamahiriya,Dominga.Trinetta@mapsa.com,firefighter,12303,1
675,Agathe,Brodench,35,Male,Bhutan,Agathe.Brodench@mapsa.com,doctor,10015,0
676,Glenda,Tayib,27,Female,Montserrat,Glenda.Tayib@mapsa.com,Designer,6905,1
677,Camile,Schonfeld,40,Female,Uganda,Camile.Schonfeld@mapsa.com,firefighter,10355,1
678,Marti,Kaja,39,Female,Mauritania,Marti.Kaja@mapsa.com,worker,9250,0
679,Teriann,Hessler,25,Male,Burkina Faso,Teriann.Hessler@mapsa.com,police officer,14752,0
680,Kristina,Burch,45,Female,Colombia,Kristina.Burch@mapsa.com,driver,14176,0
681,Betta,Erb,28,Female,Thailand,Betta.Erb@mapsa.com,Chef,9848,1
682,Donnie,Carri,28,Male,Sierra Leone,Donnie.Carri@mapsa.com,developer,6095,0
683,Raquela,Concha,25,Female,Bouvet Island,Raquela.Concha@mapsa.com,Butcher,9819,1
684,Audrie,Milson,43,Male,Kyrgyzstan,Audrie.Milson@mapsa.com,police officer,13511,0
685,Wynne,Avi,32,Female,Italy,Wynne.Avi@mapsa.com,firefighter,8172,1
686,Ashlee,Noelyn,45,Male,Grenada,Ashlee.Noelyn@mapsa.com,Designer,9072,1
687,Juliane,Harriman,43,Male,Guyana,Juliane.Harriman@mapsa.com,Teacher,8144,1
688,Chrystel,Katrine,39,Female,Lebanon,Chrystel.Katrine@mapsa.com,doctor,12170,0
689,Candy,Sprage,34,Female,Faroe Islands,Candy.Sprage@mapsa.com,driver,10844,0
690,Barbara,Smitt,36,Female,Vanuatu,Barbara.Smitt@mapsa.com,developer,5317,0
691,Aaren,Constancy,44,Male,United Arab Emirates,Aaren.Constancy@mapsa.com,firefighter,9093,1
692,Gavrielle,Bertold,42,Male,Seychelles,Gavrielle.Bertold@mapsa.com,Designer,7435,0
693,Emmey,Konyn,45,Female,Qatar,Emmey.Konyn@mapsa.com,Butcher,6501,1
694,Elbertina,Ruvolo,42,Male,Liberia,Elbertina.Ruvolo@mapsa.com,Designer,6790,1
695,Roseline,Chesna,32,Male,Somalia,Roseline.Chesna@mapsa.com,Chef,14215,0
696,Adriana,Zaslow,34,Female,Faroe Islands,Adriana.Zaslow@mapsa.com,Chef,14896,1
697,Minda,Mike,32,Female,Guernsey,Minda.Mike@mapsa.com,police officer,8594,0
698,Jessamyn,Heisel,26,Male,Ukraine,Jessamyn.Heisel@mapsa.com,police officer,7668,1
699,Sean,Shanley,42,Male,Brunei Darussalam,Sean.Shanley@mapsa.com,police officer,14418,0
700,Emylee,Peti,33,Male,Maldives,Emylee.Peti@mapsa.com,firefighter,6618,1
701,Bernie,Ball,29,Female,Congo- The Democratic Republic of the,Bernie.Ball@mapsa.com,worker,13375,0
702,Tersina,Hourigan,38,Female,Western Sahara,Tersina.Hourigan@mapsa.com,driver,7043,0
703,Leanna,Idelia,31,Female,Estonia,Leanna.Idelia@mapsa.com,police officer,13737,1
704,Pearline,Hailee,28,Female,Gibraltar,Pearline.Hailee@mapsa.com,worker,14461,0
705,Chere,My,37,Female,Sweden,Chere.My@mapsa.com,developer,14043,1
706,Nonnah,Capello,31,Female,France,Nonnah.Capello@mapsa.com,Designer,6132,1
707,Bobbi,Sheng,41,Male,Djibouti,Bobbi.Sheng@mapsa.com,Designer,12878,0
708,Stephanie,Poll,45,Male,Netherlands Antilles,Stephanie.Poll@mapsa.com,driver,9938,1
709,Paola,Remmer,39,Male,Thailand,Paola.Remmer@mapsa.com,worker,8613,1
710,Clementine,Lane,30,Male,Togo,Clementine.Lane@mapsa.com,police officer,14872,0
711,Valera,Fancie,31,Male,Luxembourg,Valera.Fancie@mapsa.com,firefighter,8171,0
712,Heddie,Roche,28,Male,Japan,Heddie.Roche@mapsa.com,worker,6578,0
713,Consuela,Klotz,32,Male,Maldives,Consuela.Klotz@mapsa.com,worker,7157,0
714,Kimberley,Saunderson,26,Male,Czech Republic,Kimberley.Saunderson@mapsa.com,driver,9789,1
715,Trudie,Cadmar,30,Male,Iceland,Trudie.Cadmar@mapsa.com,police officer,7809,0
716,Dianemarie,Natalia,40,Male,Guyana,Dianemarie.Natalia@mapsa.com,Butcher,9490,0
717,Celestyna,Zitvaa,37,Female,Sudan,Celestyna.Zitvaa@mapsa.com,driver,14480,1
718,Norine,Shelba,30,Male,Indonesia,Norine.Shelba@mapsa.com,Teacher,13292,1
719,Maryellen,Hewitt,25,Female,Cambodia,Maryellen.Hewitt@mapsa.com,Teacher,10992,1
720,Mallory,Abernon,30,Male,El Salvador,Mallory.Abernon@mapsa.com,Teacher,5324,1
721,Amii,Johnsson,40,Male,Niger,Amii.Johnsson@mapsa.com,Butcher,14766,0
722,Corly,Amasa,42,Male,Luxembourg,Corly.Amasa@mapsa.com,Butcher,6885,0
723,Modestia,Pascia,36,Male,Ecuador,Modestia.Pascia@mapsa.com,Designer,8370,0
724,Linet,Kenwood,25,Male,United States,Linet.Kenwood@mapsa.com,doctor,13293,1
725,Gilligan,Armanda,40,Male,Bahamas,Gilligan.Armanda@mapsa.com,developer,8250,0
726,Clo,Eckblad,45,Male,Kenya,Clo.Eckblad@mapsa.com,worker,12846,0
727,Brynna,Zamora,33,Female,Portugal,Brynna.Zamora@mapsa.com,doctor,6902,0
728,Eugine,Haerr,40,Male,Central African Republic,Eugine.Haerr@mapsa.com,Chef,12353,0
729,Korrie,Kirstin,43,Male,Argentina,Korrie.Kirstin@mapsa.com,Teacher,11143,0
730,Charlena,Vilma,27,Male,Belarus,Charlena.Vilma@mapsa.com,Teacher,5945,1
731,Lizzie,Ludewig,30,Female,French Polynesia,Lizzie.Ludewig@mapsa.com,worker,10216,0
732,Selma,Creamer,26,Female,South Africa,Selma.Creamer@mapsa.com,Butcher,7508,1
733,Joelly,Screens,31,Female,Angola,Joelly.Screens@mapsa.com,police officer,12036,0
734,Dorthy,Rubie,30,Male,British Indian Ocean Territory,Dorthy.Rubie@mapsa.com,Butcher,13176,1
735,Ginnie,Brotherson,44,Female,Cameroon,Ginnie.Brotherson@mapsa.com,firefighter,10513,1
736,Zaria,Hachmin,30,Female,Sierra Leone,Zaria.Hachmin@mapsa.com,police officer,8818,0
737,Noelle,Earlie,33,Male,Sao Tome and Principe,Noelle.Earlie@mapsa.com,Designer,6756,0
738,Jennica,Gahl,25,Male,Algeria,Jennica.Gahl@mapsa.com,Designer,11931,1
739,Cacilie,Eachern,45,Male,Senegal,Cacilie.Eachern@mapsa.com,developer,12331,0
740,Dawn,Schalles,25,Male,Poland,Dawn.Schalles@mapsa.com,driver,12114,1
741,Eadie,Malina,40,Female,Finland,Eadie.Malina@mapsa.com,police officer,6565,1
742,Georgetta,Elbertina,40,Male,Serbia and Montenegro,Georgetta.Elbertina@mapsa.com,worker,10050,0
743,Frieda,Lea,43,Male,Nicaragua,Frieda.Lea@mapsa.com,worker,6387,0
744,Annabela,Gower,40,Male,Greenland,Annabela.Gower@mapsa.com,Butcher,12102,1
745,Gilda,Ailyn,32,Male,Liechtenstein,Gilda.Ailyn@mapsa.com,developer,10391,0
746,Blinni,Ciapas,28,Male,Barbados,Blinni.Ciapas@mapsa.com,Butcher,13354,0
747,Bettine,Nicoline,41,Male,Guernsey,Bettine.Nicoline@mapsa.com,Butcher,6058,1
748,Chickie,Cecile,28,Male,Somalia,Chickie.Cecile@mapsa.com,Chef,12599,1
749,Janeczka,Killigrew,25,Female,Bosnia and Herzegovina,Janeczka.Killigrew@mapsa.com,Butcher,13526,0
750,Emelina,Saree,25,Male,Philippines,Emelina.Saree@mapsa.com,developer,9291,0
751,Livvyy,Susannah,34,Male,Cayman Islands,Livvyy.Susannah@mapsa.com,Chef,10125,0
752,Helsa,Adore,35,Female,Austria,Helsa.Adore@mapsa.com,Butcher,9338,1
753,Mady,Fairweather,28,Male,Tokelau,Mady.Fairweather@mapsa.com,driver,8728,1
754,Robbi,Tamar,34,Male,Virgin Islands- British,Robbi.Tamar@mapsa.com,firefighter,8251,1
755,Sue,Hunfredo,36,Male,Kuwait,Sue.Hunfredo@mapsa.com,driver,13415,1
756,Lorie,Lucienne,38,Female,Libyan Arab Jamahiriya,Lorie.Lucienne@mapsa.com,Butcher,6571,1
757,Leeanne,Wind,36,Female,Macao,Leeanne.Wind@mapsa.com,Chef,14986,1
758,Adriana,Weide,42,Male,Guinea-Bissau,Adriana.Weide@mapsa.com,driver,13976,1
759,Dede,Tjon,34,Female,Nepal,Dede.Tjon@mapsa.com,Chef,10991,1
760,Hallie,Sperling,36,Male,Bangladesh,Hallie.Sperling@mapsa.com,driver,10909,0
761,Daryl,Briney,32,Female,Anguilla,Daryl.Briney@mapsa.com,worker,6290,0
762,Merrie,Margarete,45,Male,Spain,Merrie.Margarete@mapsa.com,driver,11792,0
763,Aaren,Ehrman,33,Female,Denmark,Aaren.Ehrman@mapsa.com,Butcher,14375,0
764,Binny,Jammal,41,Female,Belize,Binny.Jammal@mapsa.com,Butcher,12556,0
765,Willetta,Anderea,40,Female,Brazil,Willetta.Anderea@mapsa.com,Teacher,6510,1
766,Valli,Dorine,44,Female,Niger,Valli.Dorine@mapsa.com,Butcher,9771,1
767,Louella,Oneida,29,Female,Botswana,Louella.Oneida@mapsa.com,doctor,7279,1
768,Belva,Saunderson,25,Male,Portugal,Belva.Saunderson@mapsa.com,developer,6182,1
769,Millie,Thema,41,Male,Ukraine,Millie.Thema@mapsa.com,police officer,10856,1
770,Henriette,Douglass,29,Female,Tuvalu,Henriette.Douglass@mapsa.com,firefighter,12691,0
771,Nessie,Jorgan,25,Male,Lebanon,Nessie.Jorgan@mapsa.com,Butcher,7353,0
772,Tracey,Allare,35,Female,Estonia,Tracey.Allare@mapsa.com,Chef,6825,1
773,Olivette,Aida,26,Female,Liechtenstein,Olivette.Aida@mapsa.com,Designer,7456,0
774,Laure,Garlinda,25,Male,Liechtenstein,Laure.Garlinda@mapsa.com,Designer,5707,0
775,Fina,Jerald,30,Female,Cape Verde,Fina.Jerald@mapsa.com,Chef,14794,0
776,Robinia,Pettiford,38,Male,Aruba,Robinia.Pettiford@mapsa.com,Designer,10269,1
777,Caritta,Sawtelle,35,Male,Congo- The Democratic Republic of the,Caritta.Sawtelle@mapsa.com,police officer,12627,1
778,Tybie,Orpah,26,Female,Venezuela,Tybie.Orpah@mapsa.com,Butcher,7582,1
779,Sindee,Ricki,36,Male,Niger,Sindee.Ricki@mapsa.com,Teacher,13965,0
780,Sybille,Pip,39,Female,Burundi,Sybille.Pip@mapsa.com,Butcher,7452,1
781,Corene,Delacourt,42,Male,Bosnia and Herzegovina,Corene.Delacourt@mapsa.com,Teacher,9178,1
782,Layla,Sadowski,35,Male,Gambia,Layla.Sadowski@mapsa.com,worker,11625,1
783,Jeanna,Stacy,40,Female,Virgin Islands- U.S.,Jeanna.Stacy@mapsa.com,Chef,12146,0
784,Linet,Viddah,43,Female,Gibraltar,Linet.Viddah@mapsa.com,police officer,7621,0
785,Joy,Kamaria,27,Male,Russian Federation,Joy.Kamaria@mapsa.com,worker,6166,1
786,Bertine,Jacqui,34,Male,Brazil,Bertine.Jacqui@mapsa.com,worker,6902,0
787,Sallie,Vittoria,38,Female,Lesotho,Sallie.Vittoria@mapsa.com,Designer,5579,1
788,Berta,Forrer,38,Male,Norfolk Island,Berta.Forrer@mapsa.com,developer,5679,1
789,Vere,Sprage,41,Male,Nigeria,Vere.Sprage@mapsa.com,firefighter,5729,1
790,Angela,Marden,44,Female,Kenya,Angela.Marden@mapsa.com,Teacher,11494,0
791,Roz,Angelis,31,Female,Botswana,Roz.Angelis@mapsa.com,police officer,7150,1
792,Adriana,Candy,30,Female,El Salvador,Adriana.Candy@mapsa.com,Designer,5979,0
793,Luci,Barrus,26,Male,Antigua and Barbuda,Luci.Barrus@mapsa.com,firefighter,10521,0
794,Stevana,Rolf,42,Male,Brazil,Stevana.Rolf@mapsa.com,Butcher,13759,1
795,Sonni,Emerson,44,Female,French Polynesia,Sonni.Emerson@mapsa.com,Designer,9800,0
796,Ronna,Standing,32,Male,Denmark,Ronna.Standing@mapsa.com,Chef,8349,0
797,Teddie,Leifeste,26,Male,Western Sahara,Teddie.Leifeste@mapsa.com,driver,5891,0
798,Tera,Hashim,34,Male,Christmas Island,Tera.Hashim@mapsa.com,police officer,13205,1
799,Karolina,Ilka,38,Male,Mali,Karolina.Ilka@mapsa.com,worker,7175,1
800,Viki,Argus,29,Male,Zambia,Viki.Argus@mapsa.com,doctor,14037,0
801,Karena,Donoghue,30,Male,AndorrA,Karena.Donoghue@mapsa.com,driver,12484,0
802,Rebeca,Wenda,31,Female,Peru,Rebeca.Wenda@mapsa.com,Butcher,9125,1
803,Vonny,Candy,41,Male,Nepal,Vonny.Candy@mapsa.com,Teacher,6693,0
804,Larine,Nisbet,30,Male,Kyrgyzstan,Larine.Nisbet@mapsa.com,Teacher,5685,1
805,Leontine,Rillings,44,Male,Puerto Rico,Leontine.Rillings@mapsa.com,Teacher,7140,0
806,Jillayne,Lutero,38,Female,Lithuania,Jillayne.Lutero@mapsa.com,Butcher,13515,0
807,Sibella,Dowski,31,Male,Saint Pierre and Miquelon,Sibella.Dowski@mapsa.com,Chef,6754,0
808,Lucy,Yorick,45,Female,French Southern Territories,Lucy.Yorick@mapsa.com,worker,10261,0
809,Olivette,Chrystel,26,Female,Honduras,Olivette.Chrystel@mapsa.com,police officer,11292,0
810,Lilith,Noam,29,Female,New Caledonia,Lilith.Noam@mapsa.com,doctor,11370,1
811,Carmencita,Genna,29,Female,Antigua and Barbuda,Carmencita.Genna@mapsa.com,Butcher,13549,0
812,Beth,Maribeth,36,Male,Mexico,Beth.Maribeth@mapsa.com,Chef,5293,0
813,Jean,Larochelle,31,Female,Bouvet Island,Jean.Larochelle@mapsa.com,driver,11257,1
814,Kelly,Anyah,35,Male,Puerto Rico,Kelly.Anyah@mapsa.com,developer,11109,1
815,Blake,Lareena,37,Male,"Lao People""S Democratic Republic",Blake.Lareena@mapsa.com,worker,13504,1
816,Celisse,Chick,33,Male,Montserrat,Celisse.Chick@mapsa.com,Teacher,6535,1
817,Elbertina,Parette,27,Male,Turkmenistan,Elbertina.Parette@mapsa.com,police officer,10151,1
818,Selia,Kat,29,Male,Brunei Darussalam,Selia.Kat@mapsa.com,driver,13743,1
819,Libbie,Kevon,36,Female,Monaco,Libbie.Kevon@mapsa.com,Butcher,5251,1
820,Vere,Hutchison,37,Male,"Cote D""Ivoire",Vere.Hutchison@mapsa.com,Teacher,9305,0
821,Teriann,Edee,28,Male,Mali,Teriann.Edee@mapsa.com,developer,12307,0
822,Goldie,Lasley,25,Female,United States,Goldie.Lasley@mapsa.com,Teacher,9225,0
823,Trudie,Gordon,44,Male,Paraguay,Trudie.Gordon@mapsa.com,driver,6155,0
824,Kerrin,Hutchison,31,Male,Grenada,Kerrin.Hutchison@mapsa.com,Chef,6420,0
825,Nannie,Nahum,34,Male,Sudan,Nannie.Nahum@mapsa.com,Chef,6530,0
826,Tarra,Kimmie,32,Female,American Samoa,Tarra.Kimmie@mapsa.com,Butcher,10805,0
827,Aimil,Faso,30,Female,Denmark,Aimil.Faso@mapsa.com,Butcher,11266,0
828,Ann-Marie,Thunell,36,Male,Zambia,Ann-Marie.Thunell@mapsa.com,firefighter,9574,1
829,Sheree,Briney,36,Female,Spain,Sheree.Briney@mapsa.com,developer,11730,0
830,Asia,Angelis,43,Male,Gambia,Asia.Angelis@mapsa.com,worker,14862,1
831,Cathyleen,Germann,26,Female,Moldova- Republic of,Cathyleen.Germann@mapsa.com,Chef,10849,1
832,Dagmar,Maples,34,Female,Algeria,Dagmar.Maples@mapsa.com,driver,8064,1
833,Johna,Hunfredo,42,Female,Morocco,Johna.Hunfredo@mapsa.com,Designer,14916,1
834,Eugine,Emerson,34,Female,Taiwan- Province of China,Eugine.Emerson@mapsa.com,Chef,10122,1
835,Belinda,Goerke,41,Male,Togo,Belinda.Goerke@mapsa.com,doctor,11561,1
836,Katuscha,Tristram,39,Female,Tajikistan,Katuscha.Tristram@mapsa.com,driver,6058,0
837,Alameda,Socha,33,Female,Bangladesh,Alameda.Socha@mapsa.com,police officer,13314,0
838,Glenda,Mandler,25,Female,Slovakia,Glenda.Mandler@mapsa.com,Designer,8105,0
839,Augustine,Fry,43,Female,Tokelau,Augustine.Fry@mapsa.com,developer,8216,0
840,Janis,Berriman,36,Female,Iceland,Janis.Berriman@mapsa.com,driver,12217,0
841,Rayna,Cottle,25,Female,Denmark,Rayna.Cottle@mapsa.com,police officer,13849,1
842,Brianna,Delp,36,Female,Turks and Caicos Islands,Brianna.Delp@mapsa.com,Butcher,14084,0
843,Tani,Rogerio,33,Female,Moldova- Republic of,Tani.Rogerio@mapsa.com,firefighter,5847,0
844,Belva,Radu,34,Male,Uganda,Belva.Radu@mapsa.com,developer,10467,0
845,Clary,Jena,43,Male,Tunisia,Clary.Jena@mapsa.com,developer,9974,1
846,Annice,Ciro,30,Female,Macedonia- The Former Yugoslav Republic of,Annice.Ciro@mapsa.com,firefighter,14631,1
847,Kayla,Faso,42,Female,Isle of Man,Kayla.Faso@mapsa.com,Designer,8600,0
848,Bibby,Glovsky,42,Male,Turks and Caicos Islands,Bibby.Glovsky@mapsa.com,police officer,7550,1
849,Berta,Ashely,25,Female,Guinea-Bissau,Berta.Ashely@mapsa.com,Teacher,13367,0
850,Juliane,Ader,39,Male,Samoa,Juliane.Ader@mapsa.com,police officer,5209,1
851,Mamie,Thema,44,Male,Seychelles,Mamie.Thema@mapsa.com,developer,6647,1
852,Dacia,Greenwald,39,Male,Equatorial Guinea,Dacia.Greenwald@mapsa.com,doctor,10779,0
853,Amara,Aaberg,27,Female,Niger,Amara.Aaberg@mapsa.com,Butcher,7724,0
854,Talya,Bach,32,Male,Djibouti,Talya.Bach@mapsa.com,doctor,12032,1
855,Renie,Wu,37,Male,Suriname,Renie.Wu@mapsa.com,Designer,8143,1
856,Beverley,Klotz,45,Male,Christmas Island,Beverley.Klotz@mapsa.com,worker,6281,1
857,Xylina,Magnolia,33,Male,Thailand,Xylina.Magnolia@mapsa.com,Chef,9445,1
858,Glynnis,Center,27,Female,AndorrA,Glynnis.Center@mapsa.com,developer,13897,1
859,Linzy,Maurine,27,Male,Czech Republic,Linzy.Maurine@mapsa.com,developer,14203,0
860,Renie,Luhe,29,Male,Finland,Renie.Luhe@mapsa.com,police officer,12242,0
861,Tori,Primalia,38,Female,India,Tori.Primalia@mapsa.com,Teacher,12472,0
862,Pearline,Terencio,28,Male,Estonia,Pearline.Terencio@mapsa.com,firefighter,11620,0
863,Codie,Kare,40,Male,Grenada,Codie.Kare@mapsa.com,worker,8079,1
864,Tilly,Masao,27,Male,Heard Island and Mcdonald Islands,Tilly.Masao@mapsa.com,Butcher,14854,1
865,Mariele,Yam,27,Female,Isle of Man,Mariele.Yam@mapsa.com,firefighter,11475,0
866,Kylynn,Clarissa,44,Male,Sudan,Kylynn.Clarissa@mapsa.com,developer,7492,1
867,Christy,Dyche,34,Male,Netherlands,Christy.Dyche@mapsa.com,Teacher,14876,0
868,Talya,Lesley,25,Female,Eritrea,Talya.Lesley@mapsa.com,driver,10018,0
869,Melisent,Doig,32,Male,United States Minor Outlying Islands,Melisent.Doig@mapsa.com,police officer,12274,1
870,Leontine,Urias,44,Female,Netherlands Antilles,Leontine.Urias@mapsa.com,firefighter,7439,0
871,Thalia,Dudley,45,Male,Ukraine,Thalia.Dudley@mapsa.com,driver,12662,0
872,Vonny,Anis,26,Female,Brazil,Vonny.Anis@mapsa.com,firefighter,13199,0
873,Rivalee,Kylander,31,Male,Niger,Rivalee.Kylander@mapsa.com,Chef,9820,1
874,Dania,Ball,35,Female,Seychelles,Dania.Ball@mapsa.com,Teacher,14131,0
875,Catharine,Chaing,33,Female,Kenya,Catharine.Chaing@mapsa.com,Chef,7158,1
876,Marcy,Chick,32,Female,Senegal,Marcy.Chick@mapsa.com,Teacher,11650,0
877,Riannon,Randene,40,Male,Serbia and Montenegro,Riannon.Randene@mapsa.com,developer,10790,1
878,Dede,Pozzy,38,Female,Mozambique,Dede.Pozzy@mapsa.com,developer,14473,1
879,Penelopa,Schenck,33,Male,Belgium,Penelopa.Schenck@mapsa.com,firefighter,6579,0
880,Aubrie,Lissi,43,Female,El Salvador,Aubrie.Lissi@mapsa.com,police officer,13318,1
881,Shell,Hollingsworth,42,Male,Guyana,Shell.Hollingsworth@mapsa.com,police officer,11324,1
882,Queenie,Ajay,25,Male,Malaysia,Queenie.Ajay@mapsa.com,Chef,9379,1
883,Kate,Byrne,44,Female,Liberia,Kate.Byrne@mapsa.com,developer,10506,1
884,Judy,Sikorski,34,Male,Jamaica,Judy.Sikorski@mapsa.com,driver,11900,1
885,Vonny,Melleta,41,Female,Turkey,Vonny.Melleta@mapsa.com,Teacher,10301,1
886,Jeanna,Casimir,43,Male,Saint Vincent and the Grenadines,Jeanna.Casimir@mapsa.com,Butcher,14478,1
887,Roz,Andrel,39,Male,Albania,Roz.Andrel@mapsa.com,police officer,10328,0
888,Margarette,Engdahl,45,Female,Ethiopia,Margarette.Engdahl@mapsa.com,Butcher,8558,0
889,Lindie,Bonucci,39,Female,Congo,Lindie.Bonucci@mapsa.com,developer,12847,0
890,Yvonne,Tamar,32,Male,Madagascar,Yvonne.Tamar@mapsa.com,developer,5423,1
891,Jan,Edmund,30,Female,Fiji,Jan.Edmund@mapsa.com,Chef,10070,0
892,Pierette,Teddman,37,Male,India,Pierette.Teddman@mapsa.com,Butcher,12014,0
893,Fanchon,Center,39,Male,Libyan Arab Jamahiriya,Fanchon.Center@mapsa.com,police officer,10309,0
894,Olwen,Moina,40,Male,Niger,Olwen.Moina@mapsa.com,police officer,6196,1
895,Lisette,Bebe,39,Female,Russian Federation,Lisette.Bebe@mapsa.com,driver,8801,1
896,Lulita,Grosz,29,Female,Virgin Islands- British,Lulita.Grosz@mapsa.com,firefighter,12165,1
897,Emilia,Merell,41,Female,Timor-Leste,Emilia.Merell@mapsa.com,doctor,14681,1
898,Konstance,Tengdin,44,Female,Turks and Caicos Islands,Konstance.Tengdin@mapsa.com,Butcher,6747,0
899,Kimmy,Ventre,28,Male,United Arab Emirates,Kimmy.Ventre@mapsa.com,doctor,7713,1
900,Kayla,Drus,41,Female,Bahamas,Kayla.Drus@mapsa.com,driver,9986,1
901,Ashlee,Merell,35,Male,Peru,Ashlee.Merell@mapsa.com,Chef,9368,0
902,Joceline,Baudin,40,Female,Latvia,Joceline.Baudin@mapsa.com,Teacher,7803,1
903,Agathe,Winnick,34,Female,Philippines,Agathe.Winnick@mapsa.com,Butcher,14706,1
904,Atlanta,Plato,40,Male,Moldova- Republic of,Atlanta.Plato@mapsa.com,developer,14237,1
905,Atlanta,Merna,29,Male,Suriname,Atlanta.Merna@mapsa.com,worker,12327,1
906,Roz,Othilia,36,Female,Germany,Roz.Othilia@mapsa.com,police officer,8821,0
907,Collen,Linskey,34,Male,Serbia and Montenegro,Collen.Linskey@mapsa.com,doctor,8563,0
908,Sharai,Burkle,26,Female,Angola,Sharai.Burkle@mapsa.com,firefighter,8541,1
909,Angela,Urania,32,Male,Sri Lanka,Angela.Urania@mapsa.com,Chef,11069,0
910,Katharina,Merell,45,Female,Uruguay,Katharina.Merell@mapsa.com,doctor,9519,0
911,Dianemarie,Azeria,31,Female,Niger,Dianemarie.Azeria@mapsa.com,police officer,5715,0
912,Cassandra,Junie,42,Male,Myanmar,Cassandra.Junie@mapsa.com,Chef,7480,1
913,Dale,Sawtelle,40,Female,Montserrat,Dale.Sawtelle@mapsa.com,Butcher,12363,1
914,Leia,Casimir,35,Male,Kyrgyzstan,Leia.Casimir@mapsa.com,developer,12164,0
915,Joy,Pond,34,Female,Malta,Joy.Pond@mapsa.com,Designer,12573,1
916,Nannie,Chobot,27,Female,Gabon,Nannie.Chobot@mapsa.com,Butcher,14160,0
917,Berta,Persse,38,Female,Mozambique,Berta.Persse@mapsa.com,Teacher,11924,0
918,Joceline,Ietta,25,Male,Saint Vincent and the Grenadines,Joceline.Ietta@mapsa.com,Chef,8426,1
919,Deloria,Girardo,43,Female,Cambodia,Deloria.Girardo@mapsa.com,firefighter,8935,0
920,Dode,Kenney,25,Female,Monaco,Dode.Kenney@mapsa.com,Designer,14831,0
921,Lexine,Sibyls,28,Female,Tuvalu,Lexine.Sibyls@mapsa.com,police officer,6469,0
922,Marylou,Moina,42,Male,Turkey,Marylou.Moina@mapsa.com,Butcher,12370,0
923,Elise,Yoko,38,Female,Nigeria,Elise.Yoko@mapsa.com,driver,10065,1
924,Lonnie,Wilkinson,33,Female,Guatemala,Lonnie.Wilkinson@mapsa.com,police officer,9053,0
925,Albertina,Ulphia,37,Male,Haiti,Albertina.Ulphia@mapsa.com,driver,6502,1
926,Bernardine,Kiersten,28,Female,Montserrat,Bernardine.Kiersten@mapsa.com,driver,8309,1
927,Elka,Hebner,36,Male,Moldova- Republic of,Elka.Hebner@mapsa.com,Teacher,13729,1
928,Asia,Jefferey,39,Female,British Indian Ocean Territory,Asia.Jefferey@mapsa.com,doctor,13628,1
929,Ezmeralda,Merell,40,Male,Dominican Republic,Ezmeralda.Merell@mapsa.com,worker,13450,1
930,Luci,Wildermuth,27,Female,Sudan,Luci.Wildermuth@mapsa.com,firefighter,5184,1
931,Devina,Bluh,28,Female,Poland,Devina.Bluh@mapsa.com,police officer,8235,1
932,Wanda,Earlie,27,Male,Eritrea,Wanda.Earlie@mapsa.com,Teacher,14856,1
933,Aurelie,Flyn,41,Female,Lithuania,Aurelie.Flyn@mapsa.com,driver,10121,0
934,Loree,Merat,41,Female,Finland,Loree.Merat@mapsa.com,Chef,6640,0
935,Gusty,Margarete,29,Female,Fiji,Gusty.Margarete@mapsa.com,doctor,7569,0
936,Doralynne,Jess,34,Male,India,Doralynne.Jess@mapsa.com,firefighter,5619,0
937,Vivia,Adlare,36,Male,Singapore,Vivia.Adlare@mapsa.com,developer,9099,0
938,Felice,Nester,36,Female,Saint Helena,Felice.Nester@mapsa.com,doctor,9702,1
939,Camile,Ulphia,38,Male,Belize,Camile.Ulphia@mapsa.com,firefighter,6296,0
940,Dotty,Christal,30,Female,Ukraine,Dotty.Christal@mapsa.com,Teacher,12220,0
941,Christal,Kelula,45,Female,El Salvador,Christal.Kelula@mapsa.com,Butcher,5116,1
942,Gretal,Thema,43,Male,Gibraltar,Gretal.Thema@mapsa.com,driver,10743,1
943,Marline,Wittie,44,Male,Comoros,Marline.Wittie@mapsa.com,police officer,6057,0
944,Daryl,Wyn,30,Female,American Samoa,Daryl.Wyn@mapsa.com,firefighter,7725,0
945,Jobi,Edmund,27,Female,Niger,Jobi.Edmund@mapsa.com,Butcher,8280,0
946,Tonia,Ludewig,34,Female,Western Sahara,Tonia.Ludewig@mapsa.com,driver,9936,0
947,Katuscha,Henrie,30,Female,Netherlands,Katuscha.Henrie@mapsa.com,developer,11507,1
948,Lenna,Armanda,37,Male,Korea- Republic of,Lenna.Armanda@mapsa.com,worker,9388,1
949,Vita,Sundin,41,Female,Mauritius,Vita.Sundin@mapsa.com,Chef,9586,1
950,Cherrita,Connelly,25,Female,Madagascar,Cherrita.Connelly@mapsa.com,Designer,11803,0
951,Mamie,Saree,27,Female,Guyana,Mamie.Saree@mapsa.com,Designer,10582,1
952,Wendi,Germann,32,Female,Lithuania,Wendi.Germann@mapsa.com,developer,6650,0
953,Helsa,Richers,39,Female,Pakistan,Helsa.Richers@mapsa.com,firefighter,10210,1
954,Aigneis,Sasnett,27,Male,Paraguay,Aigneis.Sasnett@mapsa.com,driver,5112,0
955,Clementine,Killigrew,44,Female,Cayman Islands,Clementine.Killigrew@mapsa.com,Butcher,5166,1
956,Micheline,Lea,37,Female,Taiwan- Province of China,Micheline.Lea@mapsa.com,firefighter,14203,0
957,Felice,Schonfeld,43,Male,Burkina Faso,Felice.Schonfeld@mapsa.com,Butcher,5674,0
958,Sybille,Rudolph,41,Male,Nepal,Sybille.Rudolph@mapsa.com,developer,11490,0
959,Olivette,Euridice,41,Female,Philippines,Olivette.Euridice@mapsa.com,Teacher,7742,0
960,Mallory,Brunell,39,Male,Barbados,Mallory.Brunell@mapsa.com,Teacher,12669,1
961,Jinny,Gaspard,40,Female,Jamaica,Jinny.Gaspard@mapsa.com,Teacher,7270,0
962,Jacquetta,Brackely,37,Male,Cape Verde,Jacquetta.Brackely@mapsa.com,worker,13634,0
963,Ayn,Xerxes,31,Female,Seychelles,Ayn.Xerxes@mapsa.com,driver,12951,1
964,Georgina,Thomasina,43,Female,Vanuatu,Georgina.Thomasina@mapsa.com,police officer,11125,1
965,Marita,Sasnett,25,Male,Costa Rica,Marita.Sasnett@mapsa.com,Designer,8142,1
966,Alejandra,Garek,33,Female,Lithuania,Alejandra.Garek@mapsa.com,Teacher,8253,0
967,Mahalia,Hedve,32,Female,Saint Helena,Mahalia.Hedve@mapsa.com,worker,9910,1
968,Valeda,Sacken,39,Male,Mongolia,Valeda.Sacken@mapsa.com,developer,8308,1
969,Bill,Freddi,37,Female,Sri Lanka,Bill.Freddi@mapsa.com,developer,9213,0
970,Barbi,Naashom,45,Male,Namibia,Barbi.Naashom@mapsa.com,Teacher,14331,1
971,Lila,Sammons,37,Female,Kenya,Lila.Sammons@mapsa.com,firefighter,8553,1
972,Desirae,Sperling,45,Female,Antigua and Barbuda,Desirae.Sperling@mapsa.com,driver,13722,0
973,Orsola,Catie,43,Female,Guadeloupe,Orsola.Catie@mapsa.com,firefighter,14895,0
974,Joy,Baylor,25,Male,Lithuania,Joy.Baylor@mapsa.com,police officer,14766,1
975,Jennica,Socha,32,Female,Malaysia,Jennica.Socha@mapsa.com,Chef,10864,0
976,Minne,Olympium,43,Male,United States Minor Outlying Islands,Minne.Olympium@mapsa.com,Teacher,6950,0
977,Arabel,Kelula,29,Female,Latvia,Arabel.Kelula@mapsa.com,Teacher,8870,0
978,Gilda,Lenny,44,Female,Bhutan,Gilda.Lenny@mapsa.com,driver,13675,0
979,Arabel,Annabella,25,Male,Åland Islands,Arabel.Annabella@mapsa.com,Teacher,13212,0
980,Berta,Isacco,33,Male,Guam,Berta.Isacco@mapsa.com,driver,12949,0
981,Melanie,Roarke,29,Male,Djibouti,Melanie.Roarke@mapsa.com,firefighter,6561,1
982,Kaja,Phaidra,30,Female,"Lao People""S Democratic Republic",Kaja.Phaidra@mapsa.com,driver,9740,0
983,Flory,Jacobah,30,Male,Cyprus,Flory.Jacobah@mapsa.com,worker,6484,0
984,Deirdre,Duwalt,27,Male,Suriname,Deirdre.Duwalt@mapsa.com,doctor,10304,1
985,Shel,Edmund,42,Male,Macedonia- The Former Yugoslav Republic of,Shel.Edmund@mapsa.com,police officer,14497,0
986,Leona,Moseley,38,Male,Åland Islands,Leona.Moseley@mapsa.com,worker,5097,0
987,Nanete,Truc,40,Female,Venezuela,Nanete.Truc@mapsa.com,Designer,8557,1
988,Allis,Janith,37,Male,Egypt,Allis.Janith@mapsa.com,police officer,13936,0
989,Cathyleen,Milde,43,Male,New Caledonia,Cathyleen.Milde@mapsa.com,worker,11130,1
990,Kate,Marisa,35,Male,United Arab Emirates,Kate.Marisa@mapsa.com,Butcher,9750,0
991,Kalina,Christine,45,Male,Indonesia,Kalina.Christine@mapsa.com,police officer,13316,0
992,Lilith,Suk,27,Female,"Korea- Democratic People""S Republic of",Lilith.Suk@mapsa.com,firefighter,9710,0
993,Romona,Corilla,33,Male,Belarus,Romona.Corilla@mapsa.com,Chef,5617,0
994,Damaris,Faro,41,Male,Germany,Damaris.Faro@mapsa.com,developer,9403,1
995,Wynne,Hoban,36,Female,Senegal,Wynne.Hoban@mapsa.com,firefighter,8336,1
996,Sidoney,Scammon,32,Female,Saint Vincent and the Grenadines,Sidoney.Scammon@mapsa.com,doctor,7012,0
997,Starla,Danby,43,Female,Mauritania,Starla.Danby@mapsa.com,Butcher,10266,0
998,Carlie,Craggie,38,Male,Uzbekistan,Carlie.Craggie@mapsa.com,driver,10602,0
999,Carmela,Hessler,43,Female,Gibraltar,Carmela.Hessler@mapsa.com,Teacher,9125,0
1000,Kaia,Dahlia,37,Female,Christmas Island,Kaia.Dahlia@mapsa.com,police officer,8466,0
1001,Marika,Means,40,Female,Paraguay,Marika.Means@mapsa.com,driver,9880,0
1002,Rosene,Croix,37,Male,Venezuela,Rosene.Croix@mapsa.com,firefighter,10558,0
1003,Theodora,Clywd,35,Male,Iceland,Theodora.Clywd@mapsa.com,Designer,9594,0
1004,Fawne,Wareing,44,Female,Denmark,Fawne.Wareing@mapsa.com,firefighter,14023,0
1005,Sheelagh,Stefa,42,Male,Benin,Sheelagh.Stefa@mapsa.com,developer,10881,0
1006,Donnie,Olympium,42,Male,Indonesia,Donnie.Olympium@mapsa.com,worker,5649,1
1007,Fidelia,Brady,26,Male,Denmark,Fidelia.Brady@mapsa.com,firefighter,6326,0
1008,Isa,Joli,44,Female,Nicaragua,Isa.Joli@mapsa.com,Chef,5468,0
1009,Anestassia,Emmy,35,Male,Yemen,Anestassia.Emmy@mapsa.com,driver,9827,1
1010,Libbie,Nerita,29,Male,Egypt,Libbie.Nerita@mapsa.com,Butcher,5537,0
1011,Edee,Gombach,38,Female,New Caledonia,Edee.Gombach@mapsa.com,worker,12732,0
1012,Gianina,Fry,41,Female,Grenada,Gianina.Fry@mapsa.com,worker,6056,1
1013,Elie,Hermes,40,Female,Bouvet Island,Elie.Hermes@mapsa.com,firefighter,13261,0
1014,Shell,Mehalek,36,Female,Mauritania,Shell.Mehalek@mapsa.com,doctor,5498,1
1015,Sadie,Raseda,35,Female,France,Sadie.Raseda@mapsa.com,driver,5686,0
1016,Morganica,Raffo,34,Male,Martinique,Morganica.Raffo@mapsa.com,driver,13094,1
1017,Cassondra,Roumell,38,Male,Bahamas,Cassondra.Roumell@mapsa.com,police officer,6227,1
1018,Shaine,Emerson,36,Male,Armenia,Shaine.Emerson@mapsa.com,developer,8959,0
1019,Misha,Emerson,38,Female,Netherlands Antilles,Misha.Emerson@mapsa.com,doctor,10046,1
1020,Elyssa,Rozanna,44,Female,Gabon,Elyssa.Rozanna@mapsa.com,driver,8580,1
1021,Kristan,Juan,45,Female,United Kingdom,Kristan.Juan@mapsa.com,Designer,8828,1
1022,Daphne,Hessler,34,Male,Cameroon,Daphne.Hessler@mapsa.com,developer,9636,1
1023,Pollyanna,Latini,43,Female,Morocco,Pollyanna.Latini@mapsa.com,Chef,6426,1
1024,Cherilyn,Rogerio,37,Female,Eritrea,Cherilyn.Rogerio@mapsa.com,firefighter,12626,0
1025,Kelly,Lissi,26,Male,Fiji,Kelly.Lissi@mapsa.com,developer,7952,0
1026,Nannie,Odysseus,42,Male,Faroe Islands,Nannie.Odysseus@mapsa.com,driver,10212,0
1027,Queenie,Shields,39,Male,Micronesia- Federated States of,Queenie.Shields@mapsa.com,worker,10243,1
1028,Modestia,Faso,37,Male,Serbia and Montenegro,Modestia.Faso@mapsa.com,Designer,8072,0
1029,Emilia,Mauer,29,Male,Aruba,Emilia.Mauer@mapsa.com,doctor,14670,1
1030,Wynne,Engdahl,25,Male,Kenya,Wynne.Engdahl@mapsa.com,Designer,12942,0
1031,Jolyn,Grosz,33,Male,Bulgaria,Jolyn.Grosz@mapsa.com,police officer,14024,0
1032,Gilligan,Chinua,37,Female,Belarus,Gilligan.Chinua@mapsa.com,worker,10408,1
1033,Imojean,Radu,31,Female,Argentina,Imojean.Radu@mapsa.com,Teacher,13576,0
1034,Abbie,Roumell,32,Male,Denmark,Abbie.Roumell@mapsa.com,police officer,10360,1
1035,Rani,Zuzana,25,Male,Morocco,Rani.Zuzana@mapsa.com,police officer,8089,0
1036,Trixi,Izaak,25,Female,Indonesia,Trixi.Izaak@mapsa.com,driver,8267,0
1037,Ethel,Wattenberg,31,Female,French Southern Territories,Ethel.Wattenberg@mapsa.com,firefighter,9778,0
1038,Sibella,Lareena,34,Female,Dominican Republic,Sibella.Lareena@mapsa.com,doctor,7929,0
1039,Stevana,Edmund,27,Male,Bouvet Island,Stevana.Edmund@mapsa.com,worker,5685,0
1040,Kristina,Weide,39,Male,Taiwan- Province of China,Kristina.Weide@mapsa.com,developer,5009,0
1041,Morganica,Calhoun,44,Male,Palau,Morganica.Calhoun@mapsa.com,worker,6464,1
1042,Maud,Hirsch,34,Male,Guyana,Maud.Hirsch@mapsa.com,Designer,5670,0
1043,Melina,Cohdwell,39,Male,Malta,Melina.Cohdwell@mapsa.com,Chef,8940,1
1044,Genovera,Boehike,43,Female,San Marino,Genovera.Boehike@mapsa.com,doctor,11052,1
1045,Yolane,Halla,40,Male,United States Minor Outlying Islands,Yolane.Halla@mapsa.com,Designer,11661,1
1046,Brandise,Dawkins,36,Male,Saint Lucia,Brandise.Dawkins@mapsa.com,doctor,6532,1
1047,Dede,Boehike,42,Female,Åland Islands,Dede.Boehike@mapsa.com,doctor,11142,1
1048,Netty,Shuler,26,Female,Cameroon,Netty.Shuler@mapsa.com,police officer,12654,1
1049,Corry,Kendrick,44,Female,Zambia,Corry.Kendrick@mapsa.com,doctor,13371,1
1050,Deloria,Hilbert,28,Female,Palestinian Territory- Occupied,Deloria.Hilbert@mapsa.com,driver,8384,0
1051,Shirlee,Ochs,42,Female,Argentina,Shirlee.Ochs@mapsa.com,Designer,14191,0
1052,Dale,Slifka,30,Male,Malawi,Dale.Slifka@mapsa.com,Butcher,9870,1
1053,Roseline,Kirbee,42,Female,Botswana,Roseline.Kirbee@mapsa.com,driver,8586,1
1054,Deloria,Kirstin,31,Male,Norway,Deloria.Kirstin@mapsa.com,firefighter,11510,1
1055,Bettine,Diann,43,Male,Burundi,Bettine.Diann@mapsa.com,police officer,13702,0
1056,Kara-Lynn,Nance,36,Female,Namibia,Kara-Lynn.Nance@mapsa.com,firefighter,10276,0
1057,Danny,Montgomery,40,Male,Georgia,Danny.Montgomery@mapsa.com,driver,14485,1
1058,Raina,Faro,38,Male,Christmas Island,Raina.Faro@mapsa.com,Chef,8813,1
1059,Rosanne,Mauer,37,Female,Namibia,Rosanne.Mauer@mapsa.com,police officer,13787,0
1060,Carlie,Tamar,39,Male,Costa Rica,Carlie.Tamar@mapsa.com,doctor,10411,0
1061,Claresta,Liva,33,Female,Colombia,Claresta.Liva@mapsa.com,developer,10093,1
1062,Ermengarde,Garek,39,Female,Equatorial Guinea,Ermengarde.Garek@mapsa.com,Butcher,12595,0
1063,Gale,Markman,30,Male,Slovakia,Gale.Markman@mapsa.com,firefighter,8108,1
1064,Marleah,Zaslow,43,Female,United States,Marleah.Zaslow@mapsa.com,Chef,9664,1
1065,Vonny,Margarete,27,Male,French Guiana,Vonny.Margarete@mapsa.com,driver,9407,1
1066,Aeriela,Bethany,29,Female,Mayotte,Aeriela.Bethany@mapsa.com,Teacher,10431,0
1067,Brooks,Pandolfi,38,Male,Antarctica,Brooks.Pandolfi@mapsa.com,Designer,5498,1
1068,Althea,Eachern,33,Male,Ireland,Althea.Eachern@mapsa.com,firefighter,6607,1
1069,Paola,Raychel,39,Female,Bangladesh,Paola.Raychel@mapsa.com,doctor,7265,0
1070,Berget,Concha,44,Male,Benin,Berget.Concha@mapsa.com,firefighter,13753,1
1071,Ellette,Pyle,38,Female,Zambia,Ellette.Pyle@mapsa.com,firefighter,6970,0
1072,Delilah,Sadowski,31,Female,Western Sahara,Delilah.Sadowski@mapsa.com,Butcher,5162,0
1073,Morganica,Firmin,37,Male,Cayman Islands,Morganica.Firmin@mapsa.com,developer,9243,0
1074,Marcelline,Lilybelle,29,Female,Nauru,Marcelline.Lilybelle@mapsa.com,firefighter,8372,1
1075,Nanete,Talia,34,Female,Australia,Nanete.Talia@mapsa.com,driver,10379,0
1076,Donnie,Trace,45,Female,Costa Rica,Donnie.Trace@mapsa.com,Butcher,9210,0
1077,Edith,Durante,39,Female,Ukraine,Edith.Durante@mapsa.com,Designer,9296,0
1078,Suzette,Ricarda,29,Male,Serbia and Montenegro,Suzette.Ricarda@mapsa.com,Designer,14164,0
1079,Latisha,Gemini,35,Female,Bahamas,Latisha.Gemini@mapsa.com,firefighter,12278,1
1080,Rayna,Lanita,38,Male,Maldives,Rayna.Lanita@mapsa.com,police officer,5815,0
1081,Allyce,Clarissa,27,Female,Monaco,Allyce.Clarissa@mapsa.com,doctor,5193,1
1082,Fidelia,Edmund,45,Male,Malaysia,Fidelia.Edmund@mapsa.com,developer,9232,0
1083,Catrina,Berne,45,Female,Kazakhstan,Catrina.Berne@mapsa.com,Chef,13250,0
1084,Sallie,Byrne,45,Female,Indonesia,Sallie.Byrne@mapsa.com,firefighter,14833,1
1085,Leanna,Georgy,28,Male,French Southern Territories,Leanna.Georgy@mapsa.com,doctor,8799,1
1086,Pamella,Wooster,40,Male,Turkey,Pamella.Wooster@mapsa.com,worker,12296,0
1087,Tracey,Ellerey,36,Female,Venezuela,Tracey.Ellerey@mapsa.com,developer,5756,0
1088,Jillayne,Waite,31,Male,Yemen,Jillayne.Waite@mapsa.com,Chef,9727,1
1089,Sarette,Trace,45,Male,Jamaica,Sarette.Trace@mapsa.com,police officer,7668,1
1090,Carmencita,Virgin,25,Male,Costa Rica,Carmencita.Virgin@mapsa.com,Designer,5769,1
1091,Ira,Faria,26,Male,Malaysia,Ira.Faria@mapsa.com,worker,8736,1
1092,Lanae,Aprile,38,Male,Papua New Guinea,Lanae.Aprile@mapsa.com,Designer,14869,1
1093,Taffy,Eiser,29,Female,Bouvet Island,Taffy.Eiser@mapsa.com,police officer,11721,0
1094,Nannie,Imelida,34,Female,Wallis and Futuna,Nannie.Imelida@mapsa.com,Butcher,8906,1
1095,Claresta,Miru,43,Male,Chile,Claresta.Miru@mapsa.com,Chef,12583,0
1096,Anthia,Delacourt,37,Male,Guatemala,Anthia.Delacourt@mapsa.com,Designer,12507,1
1097,Brynna,Gillan,43,Male,American Samoa,Brynna.Gillan@mapsa.com,driver,11128,1
1098,Delilah,Rosalba,32,Female,Myanmar,Delilah.Rosalba@mapsa.com,driver,13264,1
1099,Jany,Hartnett,38,Male,Nepal,Jany.Hartnett@mapsa.com,Designer,5920,0
